StartDate,EndDate,Status,IPAddress,Progress,Duration (in seconds),Finished,RecordedDate,ResponseId,RecipientLastName,RecipientFirstName,RecipientEmail,ExternalReference,LocationLatitude,LocationLongitude,DistributionChannel,UserLanguage,Q33,rating of complex,rating of simpler,Q3,Q4,Q5,Q6,Q7,Q8,Q9,Q11,Q12,2d rating of complex,2d rating of simpler,Q21,Q22,Q23,Q24,Q25,Q26,Q27,Q49,Q52,Q53,Q54,Q58,complex1,simple1,complex2,simple2
Start Date,End Date,Response Type,IP Address,Progress,Duration (in seconds),Finished,Recorded Date,Response ID,Recipient Last Name,Recipient First Name,Recipient Email,External Data Reference,Location Latitude,Location Longitude,Distribution Channel,User Language,Make sure that you can see the five buttons below while watching the video. Please try pressing on the buttons.,"PLEASE CLICK ON THE BUTTONS while the video is playing.



How much do you understand what is currently happening in the video?","PLEASE CLICK ON THE BUTTONS while the video is playing.



How much do you understand what is currently happening in the video?",Did you perceive how the visualisation related to the music?,Did the coloured lines and discs help you follow the different instruments?,Did the visualization influence your understanding of the structural elements of the music?,Did the visualization augment your appreciation of the repetition of melodic themes?,"Compared to seeing a performance without a visualization, did this visualization disturb and degrade your appreciation of the piece?",Did the visualization enhance your experience of the music?,Did the visualization help you be more emotionally moved by the music?,Were you familiar with the music that you heard?,Were you familiar with this style of music (Bach fugues)?,How much do you understand what is currently happening in the video?,How much do you understand what is currently happening in the video?,Did you perceive how the visualisation related to the music?,Did the coloured lines and discs help you follow the different instruments?,Did the visualization influence your understanding of the structural elements of the music?,Did the visualization augment your appreciation of the repetition of melodic themes?,"Compared to seeing a performance without a visualization, did this visualization disturb and degrade your appreciation of the piece?",Did the visualization enhance your experience of the music?,Did the visualization help you be more emotionally moved by the music?,Please select the statement that is most correct.,What is your age?,What is your gender?,Which title best describes you?,"If you have any remarks concerning the experiment, feel free to write them below.",complex1,simple1,complex2,simple2
"{""ImportId"":""startDate"",""timeZone"":""America/Denver""}","{""ImportId"":""endDate"",""timeZone"":""America/Denver""}","{""ImportId"":""status""}","{""ImportId"":""ipAddress""}","{""ImportId"":""progress""}","{""ImportId"":""duration""}","{""ImportId"":""finished""}","{""ImportId"":""recordedDate"",""timeZone"":""America/Denver""}","{""ImportId"":""_recordId""}","{""ImportId"":""recipientLastName""}","{""ImportId"":""recipientFirstName""}","{""ImportId"":""recipientEmail""}","{""ImportId"":""externalDataReference""}","{""ImportId"":""locationLatitude""}","{""ImportId"":""locationLongitude""}","{""ImportId"":""distributionChannel""}","{""ImportId"":""userLanguage""}","{""ImportId"":""QID33""}","{""ImportId"":""QID1""}","{""ImportId"":""QID16""}","{""ImportId"":""QID3""}","{""ImportId"":""QID4""}","{""ImportId"":""QID40""}","{""ImportId"":""QID41""}","{""ImportId"":""QID42""}","{""ImportId"":""QID43""}","{""ImportId"":""QID44""}","{""ImportId"":""QID11""}","{""ImportId"":""QID12""}","{""ImportId"":""QID19""}","{""ImportId"":""QID20""}","{""ImportId"":""QID21""}","{""ImportId"":""QID22""}","{""ImportId"":""QID46""}","{""ImportId"":""QID47""}","{""ImportId"":""QID48""}","{""ImportId"":""QID49""}","{""ImportId"":""QID50""}","{""ImportId"":""QID51""}","{""ImportId"":""QID54_TEXT""}","{""ImportId"":""QID55""}","{""ImportId"":""QID56""}","{""ImportId"":""QID60_TEXT""}","{""ImportId"":""complex1""}","{""ImportId"":""simple1""}","{""ImportId"":""complex2""}","{""ImportId"":""simple2""}"
2022-05-15 10:57:23,2022-05-15 10:57:43,1,,100,19,1,2022-05-15 10:57:44,R_2c1tbJw41nWxZgJ,,,,,48.8323,2.4075,preview,EN,,2,,,,,,,,,,,,,,,,,,,,,,,,,,,,
2022-05-16 00:30:25,2022-05-16 00:30:55,1,,100,29,1,2022-05-16 00:30:58,R_CfCoenO2aagGGwF,,,,,48.8323,2.4075,preview,EN,,1,,,,,,,,,,,,,,,,,,,,,,,,,,,,
2022-05-16 00:35:25,2022-05-16 00:38:38,1,,100,192,1,2022-05-16 00:38:39,R_31Z7SVnKJLHevL8,,,,,48.8323,2.4075,preview,EN,,1,,,,,,,,,,,,,,,,,,,,,,,,,,,,
2022-05-16 00:39:29,2022-05-16 00:39:58,0,89.2.142.254,100,28,1,2022-05-16 00:39:59,R_1jfwXLrkZHgxHBZ,,,,,48.8323,2.4075,anonymous,EN,,1,,,,,,,,,,,,,,,,,,,,,,,,,,,,
2022-05-16 00:43:21,2022-05-16 00:43:53,8,89.2.142.254,100,32,1,2022-05-16 00:43:54,R_bJEYeVvHVgM0ydj,,,,,48.8323,2.4075,anonymous,EN,,1,,,,,,,,,,,,,,,,,,,,,,,,,,,,
2022-05-16 00:50:17,2022-05-16 00:50:32,8,89.2.142.254,100,14,1,2022-05-16 00:50:32,R_0e0h7iIZ4iomNDX,,,,,48.8323,2.4075,anonymous,EN,,1,,,,,,,,,,,,,,,,,,,,,,,,,,,,
2022-05-16 00:51:57,2022-05-16 00:52:11,8,89.2.142.254,100,14,1,2022-05-16 00:52:11,R_10DFLKqDcZ87Vv8,,,,,48.8323,2.4075,anonymous,EN,,1,,,,,,,,,,,,,,,,,,,,,,,,,,,,
2022-05-16 00:52:19,2022-05-16 00:52:31,8,89.2.142.254,100,12,1,2022-05-16 00:52:32,R_Z2CVJjdRy8r1Rx7,,,,,48.8323,2.4075,anonymous,EN,,1,,,,,,,,,,,,,,,,,,,,,,,,,,,,
2022-05-16 04:01:08,2022-05-16 04:01:54,1,,100,46,1,2022-05-16 04:01:55,R_PHsTdBcGysRU8Ap,,,,,48.8323,2.4075,preview,EN,,2,,,,,,,,,,,,,,,,,,,,,,,,,,,,
2022-05-16 04:40:35,2022-05-16 04:47:41,0,89.2.142.254,100,425,1,2022-05-16 04:47:41,R_vov7fOZyyhYRhEl,,,,,48.8323,2.4075,anonymous,EN,,1,,,,,,,,,,,,,,,,,,,,,,,,,,,,
2022-05-16 04:47:50,2022-05-16 04:48:40,8,89.2.142.254,100,49,1,2022-05-16 04:48:40,R_2Cx2yuAMTS1T66d,,,,,48.8323,2.4075,anonymous,EN,,1,,,,,,,,,,,,,,,,,,,,,,,,,,,,
2022-05-16 04:48:47,2022-05-16 04:49:10,0,89.2.142.254,100,22,1,2022-05-16 04:49:11,R_3EGcduNtPpvuTbq,,,,,48.8323,2.4075,anonymous,EN,,1,,,,,,,,,,,,,,,,,,,,,,,,,,,,
2022-05-16 10:16:09,2022-05-16 10:17:18,0,89.8.48.11,100,69,1,2022-05-16 10:17:19,R_1ly3o7GeNQBr2yy,,,,,59.955,10.859,anonymous,EN,,1,,,,,,,,,,,,,,,,,,,,,,,,,,,,
2022-05-17 03:54:42,2022-05-17 03:57:03,0,185.176.244.65,100,141,1,2022-05-17 03:57:03,R_12lFT7aKCBPjkIT,,,,,59.955,10.859,anonymous,EN,,1,,,,,,,,,,,,,,,,,,,,,,,,,,,,
2022-05-17 01:11:32,2022-05-17 04:34:21,0,89.2.142.254,100,12169,1,2022-05-17 04:34:21,R_T6k07QaSj4Ct4jv,,,,,48.8323,2.4075,anonymous,EN,,5,,,5,,,,,,,7,,,,,,,,,,,,,,,,,,
2022-05-17 02:27:55,2022-05-17 04:35:51,0,129.240.113.184,100,7675,1,2022-05-17 04:35:51,R_3m9mPfXCi3ioTYl,,,,,59.9488,11.049,anonymous,EN,,,,,,,,,,,,,,,,,,,,,,,,,,,,,,
2022-05-17 04:35:58,2022-05-17 04:36:46,0,129.240.113.184,100,47,1,2022-05-17 04:36:46,R_27kQHhICJcm6QZo,,,,,59.9488,11.049,anonymous,EN,,5,,,5,,,,,,,,,,,,,,,,,,,,,,,,,
2022-05-17 04:36:50,2022-05-17 04:37:37,0,129.240.113.184,100,47,1,2022-05-17 04:37:38,R_3031ZCMwyCVU3vS,,,,,59.9488,11.049,anonymous,EN,,3,,5,1,,,,,,4,3,,,,,,,,,,,,,,,,,,
2022-05-17 04:34:57,2022-05-17 04:55:27,0,89.2.142.254,100,1229,1,2022-05-17 04:55:27,R_1ewtQ1KUOu4fiCD,,,,,48.8323,2.4075,anonymous,EN,,5,,,,,,,,,,,,,,,,,,,,,,,,,,,,
2022-05-17 04:55:35,2022-05-17 04:56:04,0,89.2.142.254,100,28,1,2022-05-17 04:56:04,R_1pM6Z0XhntkH0NE,,,,,48.8323,2.4075,anonymous,EN,,1,,1,,,,,,,,3,,,,,,,,,,,,,,,,,,
2022-05-17 04:58:11,2022-05-17 04:58:32,0,89.2.142.254,100,20,1,2022-05-17 04:58:32,R_2uycS9w2IK5N2Ex,,,,,48.8323,2.4075,anonymous,EN,,5,,,,,,,,,,,,,,,,,,,,,,,,,,,,
2022-05-17 05:00:56,2022-05-17 05:02:06,0,89.2.142.254,100,70,1,2022-05-17 05:02:06,R_3qZEE0Ehl4AgJzC,,,,,48.8323,2.4075,anonymous,EN,,1,,,,,,,,,,,,,,,,,,,,,,,,,,,,
2022-05-17 05:21:18,2022-05-17 05:21:44,0,89.2.142.254,100,25,1,2022-05-17 05:21:44,R_3KrQo38UAD2YMT3,,,,,48.8323,2.4075,anonymous,EN,,1,,,,,,,,,,,,,,,,,,,,,,,,,,,,
2022-05-17 05:23:12,2022-05-17 05:23:44,0,129.240.113.184,100,32,1,2022-05-17 05:23:45,R_2aDLsl37qUR9JSh,,,,,59.9488,11.049,anonymous,EN,,5,,,,,,,,,,1,,,,,,,,,,,,,,,,,,
2022-05-17 05:39:13,2022-05-17 05:39:28,1,,100,15,1,2022-05-17 05:39:29,R_RK22cKA8zfD37Sp,,,,,48.8323,2.4075,preview,EN,,1,,,,,,,,,,,,,,,,,,,,,,,,,,,,
2022-05-17 05:39:33,2022-05-17 05:39:45,1,,100,11,1,2022-05-17 05:39:45,R_215LRs7f56b40fP,,,,,48.8323,2.4075,preview,EN,,,1,,,,,,,,,,,,,,,,,,,,,,,,,,,
2022-05-17 05:46:30,2022-05-17 05:46:56,1,,100,26,1,2022-05-17 05:46:57,R_AsMj4u22dTKoyad,,,,,48.8323,2.4075,preview,EN,,,1,,,,,,,,,,1,,,,,,,,,,,,,,,,,
2022-05-17 05:47:54,2022-05-17 05:48:13,1,,100,19,1,2022-05-17 05:48:14,R_1Nne8JnbRbB4EKW,,,,,48.8323,2.4075,preview,EN,,,1,,,,,,,,,,,1,,,,,,,,,,,,,,,,
2022-05-17 05:53:34,2022-05-17 05:54:03,1,,100,29,1,2022-05-17 05:54:04,R_6nYlcBw0naH0S1X,,,,,48.8323,2.4075,preview,EN,,,1,,,,,,,,,,,1,,,,,,,,,,,,,,,,
2022-05-17 05:54:49,2022-05-17 05:56:24,0,89.2.142.254,100,94,1,2022-05-17 05:56:24,R_PtZicQcLyf3s1t7,,,,,48.8323,2.4075,anonymous,EN,,,1,,,,,,,,,,1,,,,,,,,,,,,,,,,,
2022-05-18 11:03:57,2022-05-18 11:04:38,1,,100,41,1,2022-05-18 11:04:39,R_2AHhjmaO7aQZlHG,,,,,59.955,10.859,preview,EN,1,,1,,,,,,,,,,1,,,,,,,,,,,,,,,,,
2022-05-18 10:41:55,2022-05-18 11:09:26,0,129.240.156.25,100,1651,1,2022-05-18 11:09:26,R_2rkeXSIHWRz2nBn,,,,,59.955,10.859,anonymous,EN,,1,,,,,,,,,,,1,,,,,,,,,,,,,,,,,
2022-05-18 11:09:40,2022-05-18 11:10:19,0,129.240.156.25,100,39,1,2022-05-18 11:10:19,R_3GqwSx2NU3AljxV,,,,,59.955,10.859,anonymous,EN,,,1,,,,,,,,,,1,,,,,,,,,,,,,,,,,
2022-05-18 11:10:26,2022-05-19 02:12:20,0,193.157.160.182,100,54114,1,2022-05-19 02:12:20,R_294GJ13J4VGIxNF,,,,,59.955,10.859,anonymous,EN,1,,1,,,,,,,,,,,1,,,,,,,,,,,,,,,,
2022-05-17 02:25:31,2022-05-17 02:26:25,0,89.2.142.254,8,53,0,2022-05-24 02:26:28,R_ylJfCgySucUS8vf,,,,,,,anonymous,EN,,,,,,,,,,,,,,,,,,,,,,,,,,,,,,
2022-05-19 02:25:31,2022-05-20 03:50:59,0,129.240.156.25,97,91528,0,2022-05-27 04:29:22,R_pGUW2ziJfL5mcKJ,,,,,,,anonymous,EN,4,1,,,,,,,,,,,1,,,,,,,,,,,,,,,,,
2022-06-22 03:43:07,2022-06-22 03:46:53,0,89.2.142.254,100,225,1,2022-06-22 03:46:53,R_3dGv5sKKM5yKUaK,,,,,48.8323,2.4075,anonymous,EN,1,1,,,,,,,,,,,1,,,,,,,,,,,,,,,,,
2022-06-22 03:55:48,2022-06-22 04:20:36,0,89.2.142.254,100,1487,1,2022-06-22 04:20:36,R_2D082GxovekFkjY,,,,,48.8323,2.4075,anonymous,EN,1,,1,,,,,,,,,,,1,,,,,,,,,,,,,,,,
2022-06-22 04:32:31,2022-06-22 04:42:14,0,89.2.142.254,100,582,1,2022-06-22 04:42:14,R_3ELUxdXmo2NIbmm,,,,,48.8323,2.4075,anonymous,EN,2,,1,,,,,,,,,,,1,,,,,,,,,,,,,,,,
2022-06-22 04:42:17,2022-06-22 04:42:57,0,89.2.142.254,100,40,1,2022-06-22 04:42:57,R_9XiMIl9eWfyLwbf,,,,,48.8323,2.4075,anonymous,EN,1,1,,,,,,,,,,,1,,,,,,,,,,,,,,,,,
2022-06-22 05:00:01,2022-06-22 05:01:12,0,89.2.142.254,100,70,1,2022-06-22 05:01:12,R_1Pd4WB6P8POBJVh,,,,,48.8323,2.4075,anonymous,EN,1,,1,,,,,,,,,,1,,,,,,,,,,,,,,,,,
2022-06-22 05:04:01,2022-06-22 05:09:46,0,89.8.182.251,100,345,1,2022-06-22 05:09:47,R_3R27CP1dV66jIqN,,,,,59.955,10.859,anonymous,EN,5,,4,,,,,,,,,,1,,,,,,,,,,,,,,,,,
2022-06-22 05:03:32,2022-06-22 06:29:29,0,89.144.212.21,100,5156,1,2022-06-22 06:29:29,R_3iIiqhHDpjpXS90,,,,,48.1982,16.3917,anonymous,EN,1,1,,5,5,5,5,5,5,5,7,7,,4,5,5,,5,5,5,5,,,,,,,,,
2022-06-23 01:49:29,2022-06-23 01:51:14,0,89.2.142.254,100,105,1,2022-06-23 01:51:14,R_uwRBHcdhefkEocp,,,,,48.8323,2.4075,anonymous,EN,2,1,,,,,,,,,,,,1,,,,,,,,,,,,,,,,
2022-06-24 02:10:02,2022-06-24 02:11:17,0,89.2.142.254,100,74,1,2022-06-24 02:11:17,R_3M57JNGWxP0d5Vf,,,,,48.8323,2.4075,anonymous,EN,1,,1,,,,,,,,,,1,,,,,,,,,,,,,,,,,
2022-06-22 05:29:39,2022-06-24 03:24:21,0,89.8.181.158,100,165281,1,2022-06-24 03:24:21,R_1qV6cP34JxPy43k,,,,,59.955,10.859,anonymous,EN,1,1,,,,,,,,,,,,1,,,,,,,,,,,,,,,,
2022-06-27 02:27:58,2022-06-27 02:34:46,0,89.2.142.254,100,408,1,2022-06-27 02:34:46,R_3OqAWKz8dfPz31a,,,,,48.8323,2.4075,anonymous,EN,1,,4,,,,,,,,,,,1,,,,,,,,,,,,,,,,
2022-06-27 02:38:26,2022-06-27 02:55:49,0,89.2.142.254,100,1042,1,2022-06-27 02:55:49,R_2S6uqGJvuxvDzTs,,,,,48.8323,2.4075,anonymous,EN,1,,1,,,,,,,,,,1,,,,,,,,,,,,,,,,,
2022-06-27 02:55:52,2022-06-27 02:57:14,0,89.2.142.254,100,81,1,2022-06-27 02:57:15,R_3lEquFgPnq4vwQG,,,,,48.8323,2.4075,anonymous,EN,1,,,,,,,,,,,,5,,,,,,,,,,,,,,,,,
2022-06-27 03:04:25,2022-06-27 03:05:16,0,89.2.142.254,100,51,1,2022-06-27 03:05:16,R_5pSNrC4bvRte6yJ,,,,,48.8323,2.4075,anonymous,EN,,,1,,,,,,,,,,1,,,,,,,,,,,,,,,,,
2022-06-27 03:27:28,2022-06-27 03:28:40,0,89.2.142.254,100,71,1,2022-06-27 03:28:40,R_Umb5yGbUmUQqH7P,,,,,48.8323,2.4075,anonymous,EN,,1,,,,,,,,,,,,2,,,,,,,,,,,,,4.05 5 M;284.93 4 M;53.62 3 M;485.23 2 M;648.12 1 M;,,,60.1 3 M;18.51 1 M;605.52 2 M;
2022-07-07 03:09:45,2022-07-07 03:11:09,1,,100,84,1,2022-07-07 03:11:11,R_1jfgLMh8sEWBT70,,,,,48.8323,2.4075,preview,EN,,,,,,,,,,,,,,,,,,,,,,,,,,,,,,
2022-07-07 03:11:56,2022-07-07 03:21:01,0,89.2.142.254,100,544,1,2022-07-07 03:21:01,R_1i59wBjWFPfseNN,,,,,48.8323,2.4075,anonymous,EN,,,3,,,,,,,,,,,,,,,,,,,,,,,,,474.63 3 M;,,
2022-07-07 06:05:51,2022-07-07 06:24:02,0,89.2.142.254,100,1091,1,2022-07-07 06:24:02,R_1mI5dvFHY0WHocM,,,,,48.8323,2.4075,anonymous,EN,,,,,,,,,,,,,,,,,,,,,,,,,,,,,,
2022-07-07 06:24:05,2022-07-07 06:43:53,0,89.2.142.254,100,1188,1,2022-07-07 06:43:53,R_3fVpy8tTTrGqqfq,,,,,48.8323,2.4075,anonymous,EN,,,,,,,,,,,,,,,,,,,,,,,,,,,,,,
2022-07-07 06:43:56,2022-07-07 06:47:09,0,89.2.142.254,100,193,1,2022-07-07 06:47:09,R_1rrF0xIkIGzGg3p,,,,,48.8323,2.4075,anonymous,EN,,,,,,,,,,,,,,,,,,,,,,,,,,,,,,
2022-07-07 06:47:12,2022-07-10 01:59:12,0,89.2.142.254,100,241920,1,2022-07-10 01:59:13,R_5zsT0DsMFd7xdCh,,,,,48.8323,2.4075,anonymous,EN,,,,,,,,,,,,,,5,,,,,,,,,,,,,,,,15.39 1 M;17.47 5 M;19.29 3 M;21.84 4 M;23.84 3 M;29.94 2 M;33.64 5 M;
2022-07-10 01:59:14,2022-07-10 02:23:36,0,89.2.142.254,100,1461,1,2022-07-10 02:23:36,R_2OPSsuDJAdt8jdQ,,,,,48.8323,2.4075,anonymous,EN,,,,,,,,,,,,,,,,,,,,,,,,,,,,,,
2022-07-10 02:23:41,2022-07-10 02:26:59,0,89.2.142.254,100,197,1,2022-07-10 02:26:59,R_3ewCJ4WFh5gkQoE,,,,,48.8323,2.4075,anonymous,EN,,,,,,,,,,,,,,,,,,,,,,,,,,,,,,
2022-07-10 02:27:01,2022-07-10 02:27:54,0,89.2.142.254,100,53,1,2022-07-10 02:27:55,R_3JeeSRtBQBHbW92,,,,,48.8323,2.4075,anonymous,EN,,,,,,,,,,,,,,,,,,,,,,,,,,,,,,
2022-07-10 01:59:11,2022-07-10 02:38:43,0,89.2.142.254,100,2371,1,2022-07-10 02:38:44,R_3p5AJ9Nf9xPU9Rk,,,,,48.8323,2.4075,anonymous,EN,,,4,4,4,4,4,3,4,3,5,5,1,,2,2,2,2,4,3,3,,47,4,4,,,114.51 4 M;268.8 3 M;425.37 4 M;704.06 4 100;,103.49 2 M;295.89 1 M;699.8 4 100;,
2022-07-10 02:46:03,2022-07-10 02:46:47,0,89.2.142.254,100,44,1,2022-07-10 02:46:47,R_1hEkgOUT00skjB3,,,,,48.8323,2.4075,anonymous,EN,,,,,,,,,,,,,,,,,,,,,,,,,,,,,,
2022-07-10 03:39:20,2022-07-10 03:40:06,0,89.2.142.254,100,46,1,2022-07-10 03:40:06,R_Y0rwacwDQ8qgcff,,,,,48.8323,2.4075,anonymous,EN,,,,,,,,,,,,,,,,,,,,,,,,,,,,,,
2022-07-10 06:40:03,2022-07-10 06:54:33,0,62.198.127.88,100,870,1,2022-07-10 06:54:34,R_3P6xBsp7TUFAjlS,,,,,55.6894,12.4578,anonymous,EN,4,,5,5,4,4,3,3,3,3,7,7,5,,5,,,,,,,3,38,2,4,,,13.66 5 M;25.75 3 M;33.81 5 M;85.19 4 M;111.98 5 M;165.35 2 M;173.97 1 M;182.49 5 M;460.3 3 M;658.24 5 M;704.46 3 51;704.46 3 51;,28.83 5 M;680.4 3 51;680.4 3 51;,
2022-07-13 05:51:28,2022-07-17 02:02:03,0,89.2.142.254,100,331834,1,2022-07-17 02:02:03,R_ptOwFXzcuZKKwrD,,,,,48.8323,2.4075,anonymous,EN,,,,,,,,,,,,,,,,,,,,,,,,,,,,,,
2022-07-10 02:48:35,2022-07-10 03:11:23,0,89.2.142.254,15,1367,0,2022-07-17 03:11:28,R_3MsThsm8Y4FUSOB,,,,,,,anonymous,EN,,,,,,,,,,,,,,,,,,,,,,,,,,,,,,
2022-07-19 03:34:32,2022-07-19 03:43:36,0,129.240.79.193,100,544,1,2022-07-19 03:43:36,R_AC0nLAJC5JY73u9,,,,,59.955,10.859,anonymous,EN,4,,4,4,4,4,4,3,3,2,5,6,,4,4,4,4,4,3,3,2,3,30,2,6,,,13.87 5 M;37.19 3 M;85.49 4 M;668.32 3 51;,,215.18 4 M;653.02 3 51;
2022-07-19 03:31:36,2022-07-19 03:54:43,0,185.45.22.142,100,1387,1,2022-07-19 03:54:44,R_2D5HjehlljvoaLO,,,,,56.1567,10.2153,anonymous,EN,5,2,,4,3,3,1,4,2,1,1,4,3,,4,3,4,4,5,2,1,3,23,1,4,,15.42 5 M;29.33 3 M;65.06 4 M;69.56 1 M;100.86 2 M;363.36 4 M;368.64 3 M;381.67 2 M;477.91 1 M;577.05 5 M;579.71 3 M;596.94 2 M;597.96 3 M;613.56 4 M;621.86 2 M;698.78 2 98;698.78 3 99;,,7.5 5 M;86.37 3 M;233.37 2 98;233.37 3 99;,
2022-07-19 03:49:08,2022-07-19 03:57:59,0,137.204.150.12,100,530,1,2022-07-19 03:57:59,R_1eRwi8DzbhdqBk2,,,,,44.488,11.3752,anonymous,EN,4,,5,5,4,5,5,1,3,1,4,4,3,,3,3,2,3,2,2,1,3,34,2,5,,,45.61 5 M;58.28 3 51;58.28 4 52;,96.81 3 M;128.85 3 51;128.85 4 52;,
2022-07-19 14:27:58,2022-07-19 15:44:33,0,104.37.63.107,100,4594,1,2022-07-19 15:44:33,R_3oRew4bthe91tQa,,,,,49.2765,-123.1247,anonymous,EN,3,5,,5,5,5,5,1,5,5,1,5,,5,3,3,3,3,3,2,1,3,24,3,4,"it was really hard to pay attention to the second one (consider order effects, hopefully it's counterbalanced). If possible, changing the colour paletter (consult a designer) could make the visualizations better for a wider audience. I noticed myself wanting the complexity of the music represented by the visualization - and was lost when it was oversimplified. Is there a block in which participants view a live performance (with no visualizations)? How would that data compare?",18.03 5 M;25.39 4 M;30.88 5 M;85.98 4 M;140.54 3 M;169.25 4 M;181.98 3 M;226.16 4 M;336.07 3 M;354.64 4 M;358.83 2 M;370.27 3 M;371.72 4 M;379.2 5 M;454.84 2 M;460.34 3 M;492.27 4 M;511.14 3 M;573.58 4 M;575.91 5 M;621 3 M;642.03 4 M;643.25 5 M;672.99 3 M;687.66 4 M;694.16 5 M;701.38 2 50;701.38 4 52;,,,8.44 4 M;22.46 2 M;24.76 3 M;25.83 4 M;56.89 5 M;167.99 2 M;170.61 1 M;182.72 3 M;200.06 2 M;255.66 3 M;295.46 4 M;330.96 3 M;332 2 M;369.79 3 M;453.32 4 M;579 3 M;678.58 4 M;695.72 5 M;704.46 2 50;704.46 4 52;
2022-07-19 15:01:56,2022-07-19 22:49:06,0,107.190.119.175,100,28029,1,2022-07-19 22:49:06,R_6hVaSPvG3svJPNf,,,,,43.266,-79.9441,anonymous,EN,,4,,4,5,3,4,2,4,1,2,6,,3,3,4,4,4,3,3,1,3,39,2,3,,392.32 4 M;700.82 3 51;,,,628.48 4 M;631.03 3 M;703.97 3 51;
2022-07-20 02:16:16,2022-07-20 02:46:12,0,62.202.188.221,100,1796,1,2022-07-20 02:46:13,R_21jpuA7RMjTST2k,,,,,46.8089,7.1626,anonymous,EN,3,5,,4,5,4,4,1,5,2,7,7,4,,4,5,5,4,1,4,2,3,51,2,4,,15.32 5 M;33.15 4 M;90.03 5 M;101.19 4 M;367.75 3 M;414.05 4 M;578.71 5 M;700.82 5 53;700.82 1 49;,,45.02 4 M;700.82 5 53;700.82 1 49;,
2022-07-20 02:25:03,2022-07-20 02:56:32,0,91.174.219.181,100,1889,1,2022-07-20 02:56:33,R_1C2De3D1JNtzmsT,,,,,43.6478,1.3261,anonymous,EN,,3,,3,4,3,3,4,2,2,1,3,,4,3,4,3,4,3,2,2,3,25,1,3,,12.01 5 M;27.92 3 M;38.85 5 M;72.75 4 M;123.74 3 M;157.09 4 M;240.94 3 M;362.93 4 M;371.41 5 M;379.91 4 M;403.64 3 M;460.84 4 M;479.04 3 M;577.1 4 M;585.39 3 M;700.82 2 98;700.82 5 101;,,,13.56 5 M;37.23 3 M;39.7 4 M;223.61 5 M;230.76 4 M;250.64 5 M;255.35 4 M;277.83 5 M;286.65 4 M;330.97 5 M;332.81 4 M;350.04 5 M;378.9 3 M;444.62 4 M;701.39 2 98;701.39 5 101;
2022-07-20 08:36:14,2022-07-20 09:35:27,0,144.64.26.90,100,3552,1,2022-07-20 09:35:28,R_2zAczlcgiodkR6q,,,,,41.3511,-8.7411,anonymous,EN,,,5,5,5,5,5,3,4,1,5,7,5,,4,4,5,5,3,4,1,3,26,1,7,"I think this tool may be very nice for pedagogical purposes related to music listening and analysis. I felt that the pitch, note duration, and some oscillations in the tone (like trills) were perfectly noticeable. The thing I found more strange was the fact that the music line did not evolve ""forward"", so sometimes a new theme would appear in the left side when others already playing were in the right side. This ""pulse contradiction"" was a bit disturbing to me - i feel like something new should appear to the right. Congratulations on the great work!",,18.68 5 M;27.53 5 M;36.63 5 M;38.56 5 M;42.77 5 M;104.85 5 M;128.43 4 M;142.82 3 M;153.4 3 M;174.2 1 M;183.35 5 M;213.6 4 M;224.38 1 M;234.2 5 M;271.36 4 M;278.78 2 M;283 1 M;298.06 2 M;304.9 2 M;311.67 5 M;316.79 4 M;340.8 5 M;349.69 1 M;363.09 4 M;371.51 5 M;382.48 5 M;419.77 5 M;429.35 5 M;436.51 5 M;457.8 3 M;473.24 4 M;487.26 5 M;496.55 4 M;506.4 4 M;564.42 4 M;577.98 5 M;591.88 2 M;594.94 3 M;600.33 5 M;617.06 1 M;621.04 4 M;631.73 4 M;645.34 4 M;669.75 3 M;681.81 5 M;704.46 2 50;704.46 1 37;704.46 1 37;704.46 1 37;704.46 1 37;704.46 1 37;704.46 1 37;704.46 1 37;704.46 2 50;704.46 2 50;704.46 2 50;704.46 2 50;704.46 3 39;704.46 4 39;704.46 5 39;704.46 5 39;704.46 5 39;704.46 5 39;704.46 5 39;704.46 5 39;704.46 5 39;704.46 5 39;704.46 5 39;704.46 5 39;704.46 5 39;704.46 5 39;704.46 5 39;704.46 5 39;704.46 5 39;704.46 5 39;704.46 1 49;,11.04 5 M;24.99 5 M;38.32 5 M;53.66 5 M;74.92 5 M;93.39 5 M;127.54 4 M;156.47 3 M;168.23 4 M;204.09 4 M;247.46 5 M;255.96 5 M;282.5 4 M;297.05 5 M;329.79 2 M;343.3 3 M;361.81 5 M;369.11 5 M;377.94 5 M;398.39 5 M;422.83 5 M;473.05 5 M;480.34 5 M;493.06 5 M;494.3 5 M;509.14 5 M;523.11 4 M;539.05 5 M;547 4 M;553.67 5 M;568.33 5 M;579.09 5 M;587.73 5 M;603.6 4 M;607.15 5 M;627.54 5 M;671.22 4 M;677.36 5 M;700.82 2 50;700.82 1 37;700.82 1 37;700.82 1 37;700.82 1 37;700.82 1 37;700.82 1 37;700.82 1 37;700.82 2 50;700.82 2 50;700.82 2 50;700.82 2 50;700.82 3 39;700.82 4 39;700.82 5 39;700.82 5 39;700.82 5 39;700.82 5 39;700.82 5 39;700.82 5 39;700.82 5 39;700.82 5 39;700.82 5 39;700.82 5 39;700.82 5 39;700.82 5 39;700.82 5 39;700.82 5 39;700.82 5 39;700.82 5 39;700.82 1 49;,
2022-07-23 02:09:31,2022-07-23 02:37:55,0,84.210.146.252,100,1703,1,2022-07-23 02:37:56,R_2tbsByRzjXemaRc,,,,,59.955,10.859,anonymous,EN,5,,5,5,5,5,5,1,4,3,6,7,5,,5,5,5,5,1,3,3,3,45,2,6,,,26.38 5 M;81.43 5 M;81.97 5 M;173.04 1 M;182.55 5 M;296.51 5 M;364.71 2 M;424.27 3 M;464.61 4 M;521.18 5 M;577.76 5 M;578.19 5 M;583.48 5 M;602.68 5 M;649.13 5 M;679.17 5 M;683.78 5 M;704.46 4 52;704.46 5 53;,14.19 5 M;36.76 5 M;110.09 5 M;282.75 5 M;365.04 4 M;399.73 5 M;524.79 4 M;542.35 5 M;549.46 4 M;563.37 3 M;566.64 4 M;596.89 5 M;697.32 4 52;697.32 5 53;,
2022-07-23 09:09:50,2022-07-23 09:47:32,0,160.67.40.156,100,2261,1,2022-07-23 09:47:32,R_1Itj0c153lxtNeX,,,,,59.955,10.859,anonymous,EN,2,5,,4,4,4,2,4,2,2,1,4,5,,4,4,4,2,4,2,2,3,44,2,4,"Found the two versions quite similar, the visual apperance reminded me of the Intonia app, so was maybe primed to read the dots as instrument tones with frequency running vertically.",17.74 5 M;56.7 4 M;73.41 3 M;90.65 4 M;136.92 3 M;199.21 2 M;224.54 1 M;229.63 2 M;282.88 3 M;369.66 4 M;409.41 5 M;432.57 4 M;473.72 5 M;538.6 4 M;575.87 5 M;644.14 4 M;662.62 3 M;682 5 M;700.82 4 100;700.82 4 100;700.82 4 100;,,18.31 5 M;57.31 4 M;97.36 3 M;166.15 4 M;188.95 3 M;262.41 4 M;326.47 3 M;339.39 2 M;356.04 3 M;360.9 5 M;507.72 4 M;520.74 3 M;557.35 4 M;574.21 5 M;592.42 4 M;616.04 3 M;622.93 4 M;658.51 3 M;678.39 5 M;701.14 4 100;701.14 4 100;701.14 4 100;,
2022-07-17 02:02:05,2022-07-17 02:03:37,0,89.2.142.254,93,91,0,2022-07-24 02:11:31,R_1Nad0v8xvZtyFtp,,,,,,,anonymous,EN,,,,,,,,,,,,,,,,,,,,,,,,,,,,,,
2022-07-25 07:32:31,2022-07-25 07:44:03,0,35.129.157.18,100,691,1,2022-07-25 07:44:04,R_2TUaQVwasCqKT0W,,,,,33.8775,-84.5017,anonymous,EN,,4,,4,4,3,3,1,4,2,2,5,,4,4,3,3,3,2,2,2,4,72,2,5,,58.75 4 M;152.33 2 50;,,,69.48 4 M;190.55 2 50;
2022-07-25 07:45:44,2022-07-25 08:00:39,0,131.188.158.136,100,894,1,2022-07-25 08:00:39,R_1gjZ6hCoNyIjpaX,,,,,49.5958,11.0456,anonymous,EN,3,2,,3,3,2,3,3,2,2,4,5,,4,4,4,4,5,3,4,4,3,,4,4,,33.05 4 M;57.72 4 M;73.6 3 M;97.58 2 M;109.57 2 M;125.53 1 M;136.43 2 M;149.24 3 M;155.19 2 M;184.89 3 M;196.08 2 M;216.88 3 M;218.21 2 M;280.02 3 M;303.01 2 M;,,,11.31 5 M;26.07 4 M;73.93 3 M;89.81 4 M;126.71 3 M;157.54 4 M;162.01 3 M;180.25 4 M;226.85 3 M;261.85 4 M;
2022-07-25 07:30:32,2022-07-25 08:28:44,0,192.222.157.197,100,3491,1,2022-07-25 08:28:44,R_2CeTgwQmTNrOuMW,,,,,45.5178,-73.6046,anonymous,EN,,5,,5,5,5,5,3,4,3,4,7,5,,5,5,5,5,3,3,3,3,42,2,7,,14.31 5 M;28.41 5 M;75.16 5 M;75.37 5 M;75.54 5 M;75.71 5 M;95.48 4 M;106.84 3 M;139.64 4 M;187.91 5 M;282.37 3 M;287.5 4 M;398.87 5 M;575.26 5 M;575.79 5 M;575.97 5 M;576.14 5 M;576.34 5 M;577.01 5 M;577.24 5 M;700.82 4 52;700.82 2 50;,,499.38 5 M;700 4 52;700 2 50;,
2022-07-25 09:22:16,2022-07-25 09:31:28,0,136.226.48.248,100,552,1,2022-07-25 09:31:29,R_27Pt5hw7zE8pIOR,,,,,38.8842,-76.9941,anonymous,EN,,,,5,5,4,4,2,4,4,6,7,,,5,5,4,4,2,4,4,3,28,2,6,,695.41 2 50;,,223.67 2 50;,
2022-07-25 10:06:38,2022-07-25 10:09:50,0,46.65.151.149,100,192,1,2022-07-25 10:09:51,R_1PYos3rccv3BGFi,,,,,51.5026,-0.066,anonymous,EN,2,,5,5,5,5,5,5,5,3,6,7,,,4,4,5,5,5,5,3,3,32,2,5,"Nice work! Very cool! ",,13.77 5 M;45.77 3 51;45.77 2 50;45.77 1 49;45.77 1 49;,,31.68 3 51;31.68 2 50;31.68 1 49;31.68 1 49;
2022-07-25 10:20:07,2022-07-25 10:26:12,0,82.71.59.44,100,365,1,2022-07-25 10:26:13,R_3PXjo4Nbd0CkqEn,,,,,53.4155,-2.122,anonymous,EN,3,5,,5,5,4,4,3,3,3,7,7,,5,5,5,4,4,3,3,3,3,46,2,7,,33.79 5 M;658.95 4 52;,,,474.38 5 M;681.49 4 52;
2022-07-25 10:28:30,2022-07-25 10:37:10,0,15.236.51.130,100,519,1,2022-07-25 10:37:11,R_uqwNOqVXtrXkELf,,,,,48.8323,2.4075,anonymous,EN,5,,4,5,5,3,2,4,2,1,7,7,5,,5,3,1,2,2,1,1,3,58,2,4,,,12.69 5 M;87.5 3 M;109.98 2 M;115.99 3 M;139.68 4 M;147.98 5 101;,14.56 5 M;97.59 5 101;,
2022-07-26 01:25:00,2022-07-26 01:38:05,0,84.248.77.1,100,785,1,2022-07-26 01:38:06,R_32LWR88t62ftfEs,,,,,60.1797,24.9344,anonymous,EN,,2,,4,2,2,2,4,2,1,1,5,3,,4,2,2,3,4,2,1,3,41,2,4,,203.45 2 M;207.3 4 52;207.3 1 49;,,112.14 3 M;142.15 3 M;144.58 2 M;152.18 3 M;156.2 4 52;156.2 1 49;,
2022-07-26 02:58:58,2022-07-26 03:07:40,0,211.31.114.189,100,521,1,2022-07-26 03:07:41,R_31RaZGkjXaoBOfm,,,,,-35.2828,149.1283,anonymous,EN,5,4,,4,3,3,1,5,1,1,7,7,4,,3,3,3,2,5,1,2,3,45,1,7,"The contrapuntal visualisations are on the right track, but the entry points of the answering voices are utterly incorrect. The visualisations currently don't consider the *timeline* of subsequent entries; plotting the answering voices as overlapping the original voice, is enormously unclear in dynamic visualisation - this should be saved for static visualisation (subject and answer, etc.). The graphics would benefit from zooming OUT (to scale) at the beginning, and clearly illustrating the subject and answering voices WHEN they occur at the exact musical timepoints. These dynamic graphs can be supported by static representations of the subject/answer outlines, on a simple stave (score reduction). Your listeners/watchers will see the musical ""shapes"" much more clearly if they are graphically rendered to scale, colour coded, and higher-level (zoomed out) shapes are drawn to affirm the melodic contours. Keep going - good work to start with. ",40.27 4 M;43.9 4 52;43.9 5 53;43.9 5 39;43.9 5 39;43.9 5 39;43.9 5 39;43.9 5 39;43.9 5 39;43.9 5 39;43.9 5 39;43.9 5 39;,,27.65 4 M;32.44 4 52;32.44 5 53;32.44 5 39;32.44 5 39;32.44 5 39;32.44 5 39;32.44 5 39;32.44 5 39;32.44 5 39;32.44 5 39;32.44 5 39;,
2022-07-19 03:19:06,2022-07-19 03:24:11,0,90.79.202.201,60,305,0,2022-07-26 03:24:16,R_SBpqrb5aWpufle1,,,,,,,anonymous,EN,,5,,5,3,5,5,3,4,1,7,7,5,,,,,,,,,,,,,,107.46 5 M;,,1.66 5 M;,
2022-07-19 03:28:16,2022-07-19 03:28:43,0,178.78.228.161,2,26,0,2022-07-26 03:28:47,R_6DwHc2EWsFcAStz,,,,,,,anonymous,EN,,,,,,,,,,,,,,,,,,,,,,,,,,,,,,
2022-07-19 03:42:53,2022-07-19 03:44:09,0,193.157.174.26,14,76,0,2022-07-26 04:13:07,R_2D5hl1g29rRn1BR,,,,,,,anonymous,EN,5,,,,,,,,,,,,,,,,,,,,,,,,,,,,,
2022-07-19 04:29:46,2022-07-19 05:01:22,0,134.106.140.2,93,1896,0,2022-07-26 05:04:20,R_1d1d1FmbAq5vrt8,,,,,,,anonymous,EN,3,3,,3,4,3,4,1,2,1,5,5,,4,5,3,4,4,1,3,1,3,,2,4,,21.06 5 M;29.96 3 M;43.07 4 M;79 3 M;93.34 2 M;248.68 3 M;360.08 2 M;464.75 3 M;583.25 4 M;593.67 3 M;,,,82.67 4 M;396.04 3 M;472.24 4 M;
2022-07-19 05:18:55,2022-07-19 05:19:10,0,84.208.68.39,2,14,0,2022-07-26 05:19:11,R_8unr0MR9BbEw6Hv,,,,,,,anonymous,EN,,,,,,,,,,,,,,,,,,,,,,,,,,,,,,
2022-07-19 04:51:21,2022-07-19 05:19:22,0,192.38.90.64,93,1680,0,2022-07-26 05:19:28,R_bI3uO1JwW3s2av7,,,,,,,anonymous,EN,,3,,4,5,5,5,1,5,5,2,5,,5,,,,,,,,3,,,,,70.94 3 M;,,,177.98 5 M;181.56 4 M;182.68 5 M;
2022-07-26 10:58:47,2022-07-26 11:26:33,0,190.27.142.23,100,1665,1,2022-07-26 11:26:34,R_3MPsSrWfQHVNvca,,,,,4.6089,-74.0943,anonymous,EN,5,3,,3,4,3,3,2,3,1,6,6,2,,3,4,4,4,2,3,2,3,27,2,6,,17.68 5 M;33.92 4 M;65.36 5 M;78.54 3 M;112.87 2 M;127.06 1 M;152.16 3 M;349.15 3 M;368.31 5 M;393.59 5 M;404.65 4 M;420.27 3 M;468.42 2 M;480.38 3 M;557.65 4 M;566.07 3 M;576.52 5 M;597.34 3 M;700.82 2 50;,,87.51 5 M;229.26 4 M;240.03 2 M;260.21 2 50;,
2022-07-19 14:11:11,2022-07-19 14:16:36,0,24.86.220.164,60,324,0,2022-07-26 14:16:40,R_2dL82mVRr5gc4Jm,,,,,,,anonymous,EN,,5,,5,4,3,3,4,2,1,5,7,,,,,,,,,,,,,,,68.07 5 M;,,,
2022-07-19 16:08:41,2022-07-19 16:12:13,0,178.232.19.155,2,212,0,2022-07-26 16:12:15,R_2CdfWsxXijLheI1,,,,,,,anonymous,EN,,,,,,,,,,,,,,,,,,,,,,,,,,,,,,
2022-07-19 18:13:00,2022-07-19 18:13:09,0,89.163.216.65,2,9,0,2022-07-26 18:13:16,R_2YomquOafG1z8Zv,,,,,,,anonymous,EN,,,,,,,,,,,,,,,,,,,,,,,,,,,,,,
2022-07-19 19:26:16,2022-07-19 19:26:43,0,212.3.196.168,2,26,0,2022-07-26 19:26:43,R_1H0la4pu5AP0JXZ,,,,,,,anonymous,EN,,,,,,,,,,,,,,,,,,,,,,,,,,,,,,
2022-07-27 00:14:18,2022-07-27 00:42:58,0,166.88.131.249,100,1719,1,2022-07-27 00:42:58,R_1gTJlzAaEZIM1pC,,,,,37.353,-121.9543,anonymous,EN,5,,4,4,5,5,5,2,5,2,6,7,5,,5,4,5,5,1,5,3,3,28,2,7,,,11.18 5 M;43.67 4 M;154.87 3 M;163.67 2 M;194.42 4 M;351.49 3 M;362.83 4 M;432.44 5 M;654.05 4 M;699.5 2 50;,8.42 5 M;109.51 4 M;303.82 3 M;345.58 4 M;350.92 3 M;361.76 5 M;553.57 4 M;692.67 5 M;697.35 2 50;,
2022-07-20 01:39:40,2022-07-20 01:39:46,0,95.223.73.39,2,5,0,2022-07-27 01:44:07,R_3Puh1urqLXbA0BZ,,,,,,,anonymous,EN,,,,,,,,,,,,,,,,,,,,,,,,,,,,,,
2022-07-20 01:38:31,2022-07-20 01:48:36,0,84.212.148.250,14,604,0,2022-07-27 01:48:38,R_0PWN552izHRmHo5,,,,,,,anonymous,EN,3,,,,,,,,,,,,,,,,,,,,,,,,,,97.83 4 M;123.48 3 M;137.76 2 M;162.54 1 M;,,,
2022-07-20 03:19:49,2022-07-20 03:19:55,0,89.163.216.65,2,5,0,2022-07-27 03:20:00,R_r0IlAtfYSy2Z1VT,,,,,,,anonymous,EN,,,,,,,,,,,,,,,,,,,,,,,,,,,,,,
2022-07-27 04:25:51,2022-07-27 04:53:57,0,150.214.179.117,100,1686,1,2022-07-27 04:53:58,R_3mgCPTuwxr54T9p,,,,,38.0978,-3.6324,anonymous,EN,,,4,5,5,5,5,1,5,1,2,2,,5,5,5,5,5,1,5,1,3,45,2,2,,,19.31 5 M;36.8 3 M;52.32 1 M;65.27 4 M;83.48 3 M;107.19 1 M;153.06 3 M;165.87 1 M;185.32 3 M;219.58 1 M;231.37 3 M;279.86 1 M;291.14 3 M;329.78 1 M;338.5 3 M;349.04 1 M;365.29 5 M;384.03 4 M;467.52 2 M;479.85 4 M;576.56 5 M;614.09 3 M;622.03 4 M;652.94 3 M;681.43 4 M;704.5 4 52;704.5 5 53;,,10.88 5 M;32.29 4 M;283.33 3 M;286.95 4 M;465.23 5 M;702.61 4 52;702.61 5 53;
2022-07-27 01:30:58,2022-07-27 06:26:27,0,130.239.237.168,100,17728,1,2022-07-27 06:26:28,R_2YhTtMq4gtPHabx,,,,,63.8247,20.2559,anonymous,EN,5,,1,3,2,4,3,3,2,1,3,2,,2,3,3,2,4,2,3,2,3,48,2,3,,,20.51 4 M;35.75 3 M;70.4 4 M;79.36 3 M;87.75 2 M;89.57 3 M;100.39 2 M;120.65 1 M;129.98 2 M;144.75 1 M;183.25 2 M;200.59 1 M;217.43 4 52;,,11.1 4 M;76.49 3 M;107.06 2 M;163.23 1 M;188.1 2 M;354.06 4 52;
2022-07-20 06:34:33,2022-07-20 07:12:57,0,213.122.143.126,93,2303,0,2022-07-27 07:13:03,R_3FVDpPUxxLR2qiC,,,,,,,anonymous,EN,3,5,,4,4,2,2,3,1,1,1,4,4,,4,4,2,2,3,1,1,3,27,2,4,,11.5 5 M;79.13 2 M;153.33 3 M;231.01 2 M;365.64 4 M;425.5 5 M;546.66 4 M;580.49 5 M;634.99 3 M;680.62 5 M;701.55 2 50;,,12.24 5 M;57.27 4 M;117.32 3 M;158 2 M;190.29 3 M;211.6 4 M;241.92 3 M;271.05 4 M;316.63 3 M;348.12 2 M;364.72 5 M;621.58 4 M;634.59 3 M;657.58 2 M;672.29 3 M;687.44 4 M;699.75 2 50;,
2022-07-20 07:12:49,2022-07-20 07:13:13,0,130.113.109.83,2,23,0,2022-07-27 07:13:15,R_3Hk9BNXQ0tP9fUU,,,,,,,anonymous,EN,,,,,,,,,,,,,,,,,,,,,,,,,,,,,,
2022-07-20 07:09:26,2022-07-20 07:14:34,0,86.235.6.176,14,308,0,2022-07-27 07:14:40,R_3mwrNepBrCeVumt,,,,,,,anonymous,EN,,,,,,,,,,,,,,,,,,,,,,,,,,,20.27 5 M;39.16 3 M;50.98 4 M;,,,
2022-07-27 09:12:16,2022-07-27 09:41:03,0,167.60.58.197,100,1726,1,2022-07-27 09:41:04,R_1DoOM491vGMKgxQ,,,,,-34.8576,-56.1702,anonymous,EN,3,,3,4,2,4,2,3,3,2,3,5,3,,4,3,3,3,4,2,2,3,,2,4,,,17.89 5 M;79.21 2 M;93.99 4 M;138.21 2 M;150.87 1 M;189.71 3 M;230.15 2 M;259.45 4 M;273.75 2 M;372.09 4 M;376.79 3 M;570.44 2 M;675.25 1 M;677.87 3 M;,33.45 4 M;94.53 3 M;156.33 2 M;285.32 3 M;299.51 2 M;369.73 3 M;369.96 3 M;436.92 2 M;600.25 4 M;683.76 2 M;686.93 3 M;,
2022-07-27 10:33:06,2022-07-27 10:43:11,0,2.84.164.241,100,604,1,2022-07-27 10:43:11,R_2EovDyqBc53sSHb,,,,,37.9842,23.7353,anonymous,EN,5,,3,5,3,4,4,5,1,1,2,2,,4,4,1,1,1,1,1,1,4,58,1,4,"Thank you very much for the opportunity to participate. If I were a professional musician maybe the visualization would be helpful as a technical means. But as an amateur musician or music loving, it distracted me from ""hearing"" the piece because I focused on the visuals.  My best regards",,73.26 3 M;77.4 5 101;,,62.13 3 M;64.86 4 M;70.99 5 101;
2022-07-27 10:24:53,2022-07-27 10:58:34,0,24.91.30.242,100,2021,1,2022-07-27 10:58:35,R_3ly9e0N4Dv0NyNP,,,,,42.3654,-72.4671,anonymous,EN,,,5,5,5,3,5,3,1,1,7,7,5,,5,5,4,4,3,1,1,3,46,2,7,"Thank you for taking the time to create this visualization. After acclimating to the visualization, it became clear what was being demonstrated. In particular, the mustard-colored bars as denoting a fundamental source object that each instrument was partaking of, either in full or in part. However, it was rather unfortunate that any ""free"" materials (no partaking of the source object) were invisible from the visualization. Are these lines any less important? They are integral because they act as momentary respite from the source object, and to leave them out creates a hierarchy of listening and looking (that you have built into the system). It is as though you, the analyst, have a grad idea about what is central to this music, and you have thereby placed other parts of the music on the periphery. Both the full score and the attentive listener hear the totality of the musical material, whereas your visualization asks the participant to actively ignore certain aspects. It would be useful to visualize the ""free"" lines somehow. Also, there were moments when the system was ""tagging"" small melodic fragments as part of the Source Object, when in reality the fragments were so small as to be found in different parts of the source object, or even classified as ""free."" Therefore, there were times when the analytical engine was making connections that were weak. Overall, however, I appreciate the great efforts and learned many things from your research. Thank you.  ",,25.19 5 M;109.16 2 M;128.19 4 M;146.04 3 M;156.75 2 M;184.66 4 M;225.37 2 M;234.13 5 M;257.95 4 M;318.27 3 M;347.74 2 M;353.53 1 M;361.07 3 M;379.04 4 M;391.99 3 M;425.54 4 M;458.17 3 M;461.29 2 M;479.44 3 M;501.09 4 M;508.9 5 M;653.25 4 M;672.68 2 M;677.74 5 M;703.74 4 52;703.74 5 39;703.74 5 39;703.74 5 39;703.74 5 39;703.74 5 39;703.74 5 39;703.74 5 39;703.74 5 39;703.74 5 39;703.74 5 39;703.74 5 39;703.74 5 39;703.74 5 39;703.74 5 39;703.74 5 39;703.74 5 39;703.74 5 39;703.74 5 39;703.74 5 39;703.74 5 39;703.74 5 39;703.74 5 39;703.74 5 39;703.74 5 39;703.74 5 39;703.74 5 39;703.74 5 39;703.74 5 39;703.74 5 39;703.74 5 39;703.74 5 39;703.74 5 39;703.74 5 39;703.74 5 39;703.74 5 39;703.74 5 39;703.74 5 39;703.74 5 39;703.74 5 39;703.74 5 39;703.74 5 39;703.74 5 39;703.74 5 39;703.74 5 39;,9.36 5 M;125.79 4 M;155.65 5 M;382.95 4 M;397.95 5 M;455.03 4 M;456.26 3 M;477.65 4 M;483.67 5 M;575.66 4 M;577.6 5 M;627.63 3 M;641.93 4 M;650.59 5 M;670.72 3 M;675.5 5 M;699.93 4 52;699.93 5 39;699.93 5 39;699.93 5 39;699.93 5 39;699.93 5 39;699.93 5 39;699.93 5 39;699.93 5 39;699.93 5 39;699.93 5 39;699.93 5 39;699.93 5 39;699.93 5 39;699.93 5 39;699.93 5 39;699.93 5 39;699.93 5 39;699.93 5 39;699.93 5 39;699.93 5 39;699.93 5 39;699.93 5 39;699.93 5 39;699.93 5 39;699.93 5 39;699.93 5 39;699.93 5 39;699.93 5 39;699.93 5 39;699.93 5 39;699.93 5 39;699.93 5 39;699.93 5 39;699.93 5 39;699.93 5 39;699.93 5 39;699.93 5 39;699.93 5 39;699.93 5 39;699.93 5 39;699.93 5 39;699.93 5 39;699.93 5 39;699.93 5 39;,
2022-07-20 13:49:49,2022-07-20 13:52:04,0,189.120.79.115,14,135,0,2022-07-27 13:52:08,R_3MhsCyqnxLfwmFt,,,,,,,anonymous,EN,4,,,,,,,,,,,,,,,,,,,,,,,,,,,,,
2022-07-20 23:05:03,2022-07-20 23:16:23,0,109.240.73.126,93,680,0,2022-07-27 23:16:27,R_2uEAazQPi8GUppH,,,,,,,anonymous,EN,3,5,,5,4,3,4,2,4,3,3,7,2,,4,1,2,3,2,4,2,,42,1,6,,23.59 5 M;40.02 4 52;40.02 2 50;,,113.26 2 M;116.76 4 52;116.76 2 50;,
2022-07-21 00:30:44,2022-07-21 00:31:38,0,103.135.249.163,2,54,0,2022-07-28 00:31:44,R_3rOkeV3Zz8XhVuU,,,,,,,anonymous,EN,,,,,,,,,,,,,,,,,,,,,,,,,,,,,,
2022-07-21 02:53:06,2022-07-21 02:57:09,0,77.224.145.211,14,242,0,2022-07-28 02:57:14,R_3M3ZDJtI1m3Pei3,,,,,,,anonymous,EN,1,,,,,,,,,,,,,,,,,,,,,,,,,,15.91 5 M;63.63 3 M;,,,
2022-07-28 06:49:16,2022-07-28 07:17:54,0,193.52.24.35,100,1718,1,2022-07-28 07:17:55,R_5bYF7P9lahUvv2x,,,,,48.8323,2.4075,anonymous,EN,3,,3,3,3,4,2,3,2,1,5,4,,3,3,4,4,3,4,1,1,3,28,1,5,,,13.82 2 M;28.48 3 M;44.36 4 M;48.21 3 M;87.59 2 M;116.66 3 M;175.02 2 M;258.74 3 M;279.66 2 M;310.81 1 M;368.21 3 M;374.75 4 M;596.41 2 M;599.88 3 M;606.77 4 M;618.61 2 M;621.63 3 M;674.99 2 M;679.16 3 M;704.46 2 50;,,19.16 3 M;42.85 4 M;70.52 5 M;163.16 3 M;172.54 2 M;182.69 3 M;192.18 4 M;262.66 5 M;325.4 4 M;380.79 3 M;436.1 4 M;679.16 3 M;682.79 2 M;688.56 3 M;704.46 2 50;
2022-07-28 03:11:46,2022-07-28 10:09:00,0,84.71.46.212,100,25034,1,2022-07-28 10:09:01,R_2qjEJTkNVEquqjs,,,,,51.3413,-0.9155,anonymous,EN,4,,5,5,4,5,5,2,4,1,7,7,5,,4,3,3,4,3,3,1,3,42,2,5,,,12.3 5 M;371.92 4 M;400.11 5 M;523.91 4 M;532.01 5 M;703.98 4 52;703.98 2 50;,14.39 5 M;168.3 4 M;180.8 5 M;221.78 4 M;233.22 5 M;315.06 4 M;338.65 5 M;521.15 4 M;539.33 5 M;555.99 4 M;569.31 5 M;630.65 4 M;637.43 5 M;698.94 4 52;698.94 2 50;,
2022-07-29 16:32:23,2022-07-29 16:52:07,0,189.130.157.94,100,1184,1,2022-07-29 16:52:08,R_3Eyc5DiZWwq4KKG,,,,,19.4326,-99.1332,anonymous,EN,,5,,5,5,5,5,1,5,5,5,5,,,5,5,5,5,1,5,5,3,61,2,3,"None at all, I would advise to send more more notifications about these interesting expreiments.",89.68 5 M;699.43 1 49;,,105.54 1 49;,
2022-07-23 03:41:27,2022-07-23 04:24:40,0,62.202.191.187,93,2593,0,2022-07-30 04:24:41,R_1OI71PWexhIy90C,,,,,,,anonymous,EN,2,5,,5,5,4,5,1,5,5,7,7,5,,5,5,4,5,3,3,3,3,46,2,4,,11.26 4 M;27.63 3 M;33.45 4 M;72.16 3 M;80.9 4 M;126.61 3 M;142.42 2 M;209.93 3 M;333.52 4 M;356.38 3 M;357.8 4 M;365.23 2 M;378.32 3 M;406.88 4 M;435.84 5 M;700.82 4 52;700.82 4 52;,,24.84 4 M;27.5 5 M;34.04 4 M;60.51 5 M;82.21 4 M;110.16 5 M;154.63 4 M;330.21 5 M;700.82 4 52;700.82 4 52;,
2022-07-24 06:12:39,2022-07-24 06:42:07,0,104.28.89.34,93,1767,0,2022-07-31 06:42:08,R_27KISvLzzur96DZ,,,,,,,anonymous,EN,5,4,,5,4,4,5,1,5,3,5,5,3,,4,4,4,4,1,4,4,3,over 40,2,5,,12.46 4 M;19.88 5 M;33.07 4 M;40.93 5 M;51.52 4 M;66.04 5 M;68.86 4 M;79.42 3 M;89.16 4 M;99.34 5 M;105.7 4 M;115.35 3 M;133.54 4 M;168.88 3 M;199.28 4 M;234.92 3 M;323.73 4 M;325.31 3 M;363.51 4 M;364.5 5 M;368.78 4 M;382.56 5 M;385.76 4 M;389.86 3 M;393.11 4 M;505.33 3 M;522.6 4 M;540.9 3 M;573.98 5 M;587.72 4 M;592.78 5 M;596.49 4 M;635.21 3 M;642.25 4 M;653.57 3 M;655.04 4 M;679.34 5 M;680.69 4 M;700.82 3 51;700.82 4 52;,,7.47 5 M;40.15 4 M;271.99 3 M;377.54 4 M;402.31 4 M;575.69 5 M;593.32 4 M;683.69 3 M;700.24 3 51;700.24 4 52;,
2022-07-21 05:20:55,2022-07-24 14:13:07,0,95.223.75.9,2,291131,0,2022-07-31 14:13:09,R_2rq1FSJ9as3TCtp,,,,,,,anonymous,EN,,,,,,,,,,,,,,,,,,,,,,,,,,,,,,
2022-07-24 15:30:20,2022-07-24 16:07:49,0,84.211.18.98,93,2249,0,2022-07-31 16:07:51,R_122Lo4AKiKX1Lzh,,,,,,,anonymous,EN,5,,1,2,2,3,1,1,4,1,1,5,,3,3,2,3,3,4,3,2,3,71,2,4,,,9.18 1 M;34.65 3 M;47.42 4 M;57.02 3 M;127.07 2 M;162.06 3 M;165.74 2 M;173.33 1 M;194.61 2 M;204.76 1 M;227.4 2 M;258.39 3 M;270.64 4 M;277.45 3 M;282.69 1 M;296.49 2 M;315.63 3 M;352.79 2 M;365.83 1 M;425.66 2 M;436.96 3 M;455.59 2 M;460.38 1 M;577.98 2 M;581.41 3 M;592.78 2 M;642.8 1 M;704.46 1 49;,,30.86 2 M;65.15 3 M;100.98 2 M;169 1 M;169.63 1 M;268.41 2 M;306.36 3 M;412.41 2 M;510.85 3 M;704.46 1 49;
2022-07-25 02:21:21,2022-07-25 02:23:16,0,89.8.28.84,14,115,0,2022-08-01 02:23:17,R_sHyR33Yuo77SDgB,,,,,,,anonymous,EN,2,,,,,,,,,,,,,,,,,,,,,,,,,,,,,
2022-07-25 05:33:38,2022-07-25 05:40:42,0,121.6.115.120,14,423,0,2022-08-01 05:40:44,R_XzVD4ZECd84OhCp,,,,,,,anonymous,EN,,,,,,,,,,,,,,,,,,,,,,,,,,,,,,
2022-07-25 07:29:19,2022-07-25 07:30:05,0,88.5.142.50,14,46,0,2022-08-01 07:30:06,R_1n9j9E0ltr3oLWU,,,,,,,anonymous,EN,2,,,,,,,,,,,,,,,,,,,,,,,,,,,,,
2022-07-25 07:29:31,2022-07-25 07:30:42,0,61.44.168.20,26,71,0,2022-08-01 07:30:47,R_3KpRuE7kM8l3BHm,,,,,,,anonymous,EN,,,,,,,,,,,,,,,,,,,,,,,,,,,,,,
2022-07-25 07:29:29,2022-07-25 07:31:46,0,2.86.203.209,14,136,0,2022-08-01 07:31:46,R_3jZFIG46zIbFiAM,,,,,,,anonymous,EN,,,,,,,,,,,,,,,,,,,,,,,,,,,,,,
2022-07-25 07:31:14,2022-07-25 07:32:15,0,89.44.9.25,14,61,0,2022-08-01 07:32:17,R_1QlrvpeXPfmD3TI,,,,,,,anonymous,EN,,,,,,,,,,,,,,,,,,,,,,,,,,,,,,
2022-07-25 07:33:15,2022-07-25 07:33:51,0,77.168.252.181,14,35,0,2022-08-01 07:33:59,R_3kps8ajmqLA2mSg,,,,,,,anonymous,EN,,,,,,,,,,,,,,,,,,,,,,,,,,,,,,
2022-07-25 07:32:06,2022-07-25 07:35:35,0,89.114.75.210,26,208,0,2022-08-01 07:35:38,R_3lQz9X10SjbuAi4,,,,,,,anonymous,EN,,5,,,,,,,,,,,,,,,,,,,,,,,,,143.08 5 M;,,,
2022-07-25 07:29:42,2022-07-25 07:38:50,0,140.78.124.88,14,547,0,2022-08-01 07:38:54,R_2rI2VGmyRgKb1yr,,,,,,,anonymous,EN,3,,,,,,,,,,,,,,,,,,,,,,,,,,,61.94 4 M;374.27 2 M;438.66 3 M;,,
2022-07-25 07:37:34,2022-07-25 07:40:42,0,77.8.206.221,14,188,0,2022-08-01 07:40:44,R_2Bsp1AGaBo5zZeO,,,,,,,anonymous,EN,,,,,,,,,,,,,,,,,,,,,,,,,,,,15.08 5 M;31.52 3 M;33.06 4 M;114.52 2 M;,,
2022-07-25 07:42:30,2022-07-25 07:43:01,0,217.122.26.161,14,31,0,2022-08-01 07:43:03,R_2WSvtrPwaCmdsIF,,,,,,,anonymous,EN,,,,,,,,,,,,,,,,,,,,,,,,,,,,,,
2022-07-25 07:44:00,2022-07-25 07:49:59,0,87.159.180.174,14,358,0,2022-08-01 07:50:05,R_3KNNrtx7Ccf1kgf,,,,,,,anonymous,EN,5,,,,,,,,,,,,,,,,,,,,,,,,,,30.87 5 M;78.1 4 M;127.31 2 M;,,,
2022-07-25 08:27:47,2022-07-25 08:36:46,0,83.50.23.218,14,539,0,2022-08-01 08:47:36,R_2rZ9LShegsQXqgk,,,,,,,anonymous,EN,,,,,,,,,,,,,,,,,,,,,,,,,,,14.06 5 M;34.5 5 M;55.67 5 M;93.37 1 M;114.85 1 M;135.45 2 M;165.97 3 M;329.94 2 M;381.79 4 M;383.54 5 M;,,,
2022-07-25 08:07:57,2022-07-25 08:43:10,0,94.175.63.207,93,2113,0,2022-08-01 08:52:11,R_210X9BRgrFk6wkH,,,,,,,anonymous,EN,3,4,,4,5,4,5,3,3,2,5,5,,,4,5,4,4,3,3,2,3,50,2,3,,78.41 4 M;698.73 5 53;,,700.82 5 53;,
2022-07-25 08:37:44,2022-07-25 08:42:06,0,5.146.193.64,49,261,0,2022-08-01 09:01:11,R_2Yfh5KfB9FkRDRT,,,,,,,anonymous,EN,4,5,,5,5,5,5,3,3,2,7,7,,,,,,,,,,,,,,,39.92 4 M;46.44 5 M;,,,
2022-07-25 09:24:13,2022-07-25 09:25:59,0,31.147.160.207,26,105,0,2022-08-01 09:27:34,R_25Y0bsKDzo7CWyb,,,,,,,anonymous,EN,,,5,,,,,,,,,,,,,,,,,,,,,,,,,53.89 5 M;,,
2022-07-25 09:41:03,2022-07-25 10:13:44,0,209.134.35.15,60,1961,0,2022-08-01 10:13:47,R_1oHDdvq70TFmmOT,,,,,,,anonymous,EN,3,4,,5,3,4,4,3,2,1,4,6,3,,,,,,,,,,,,,,16.58 5 M;74.57 4 M;256.94 2 M;376.37 4 M;482.39 3 M;577.49 5 M;657.93 3 M;689.07 4 M;,,19.75 5 M;96.65 4 M;168.22 3 M;,
2022-07-25 11:47:16,2022-07-25 12:17:55,0,73.109.184.99,26,1838,0,2022-08-01 12:17:56,R_2upRiaA12x4oPoD,,,,,,,anonymous,EN,,4,,,,,,,,,,,,,,,,,,,,,,,,,48.58 5 M;51.73 4 M;,,,
2022-07-25 13:03:26,2022-07-25 13:09:01,0,95.223.74.53,49,335,0,2022-08-01 13:09:05,R_1eWWyNpHzdOXcNc,,,,,,,anonymous,EN,3,4,,,,,,,,,,,,,,,,,,,,,,,,,16.84 5 M;36.03 3 M;61.25 3 M;66.03 4 M;,,,65.49 5 M;100.32 5 M;
2022-07-25 14:13:48,2022-07-25 14:14:14,0,98.185.247.34,2,26,0,2022-08-01 14:14:15,R_3EgVzaCbNK55b5B,,,,,,,anonymous,EN,,,,,,,,,,,,,,,,,,,,,,,,,,,,,,
2022-07-26 02:30:53,2022-07-26 02:35:35,0,80.60.63.212,14,281,0,2022-08-02 02:35:38,R_3ER3OTzyXqrSEXA,,,,,,,anonymous,EN,5,,,,,,,,,,,,,,,,,,,,,,,,,,,372.53 1 39;,,
2022-07-26 04:56:48,2022-07-26 04:57:25,0,131.175.28.194,2,37,0,2022-08-02 04:57:29,R_1g6GRejX4ntcgwz,,,,,,,anonymous,EN,,,,,,,,,,,,,,,,,,,,,,,,,,,,,,
2022-07-26 06:23:33,2022-07-26 06:27:05,0,129.102.66.181,14,211,0,2022-08-02 06:27:07,R_1N3RqrLdfjmya7N,,,,,,,anonymous,EN,,,,,,,,,,,,,,,,,,,,,,,,,,,7.49 5 M;20.33 5 M;25 2 M;33.67 3 M;40.88 4 M;56.16 2 M;66.26 3 M;,,,
2022-07-26 06:36:48,2022-07-26 06:40:54,0,94.66.220.228,14,245,0,2022-08-02 06:40:55,R_z10RfaxAoHy9T0J,,,,,,,anonymous,EN,,,,,,,,,,,,,,,,,,,,,,,,,,,17.35 4 M;216.66 3 M;279.72 2 M;,,,
2022-07-26 08:04:43,2022-07-26 08:05:42,0,5.151.186.131,49,59,0,2022-08-02 08:05:45,R_bfwuDkD0Lb0cfOF,,,,,,,anonymous,EN,,,,,,,,,,,,,,,,,,,,,,,,,,,,,,
2022-07-26 08:23:01,2022-07-26 08:26:47,0,188.251.171.230,49,225,0,2022-08-02 08:26:48,R_1pMdXUcCYpJ2ikg,,,,,,,anonymous,EN,,2,,3,2,3,2,3,4,2,2,6,,,,,,,,,,,,,,,20.75 5 53;27 4 52;35.48 3 51;53.57 2 50;,,,
2022-07-26 09:00:37,2022-07-26 09:08:25,0,24.127.69.230,14,467,0,2022-08-02 09:08:26,R_2bZ3SJMjs52T6jo,,,,,,,anonymous,EN,5,,,,,,,,,,,,,,,,,,,,,,,,,,,9.93 5 M;24.45 4 M;25.93 4 M;38.15 5 M;81.62 4 M;84.4 5 M;102.63 4 M;106.73 5 M;,,
2022-07-26 11:01:55,2022-07-26 11:02:57,0,212.11.40.145,14,61,0,2022-08-02 11:03:04,R_1d0j9JbAXMzPse7,,,,,,,anonymous,EN,2,,,,,,,,,,,,,,,,,,,,,,,,,,,,,
2022-07-26 14:26:21,2022-07-26 14:32:06,0,89.102.198.143,93,345,0,2022-08-02 14:32:10,R_1JLWiFF3FLLMOaa,,,,,,,anonymous,EN,5,4,,5,5,5,5,1,5,4,4,7,4,,5,5,5,5,1,5,4,3,32,2,5,,45.91 4 M;54.27 3 37;54.27 2 37;54.27 1 37;54.27 1 37;54.27 2 39;54.27 1 37;54.27 1 37;54.27 2 39;54.27 3 39;54.27 4 39;54.27 3 51;54.27 2 50;,,393.22 4 M;398.47 3 37;398.47 2 37;398.47 1 37;398.47 1 37;398.47 2 39;398.47 1 37;398.47 1 37;398.47 2 39;398.47 3 39;398.47 4 39;398.47 3 51;398.47 2 50;,
2022-08-02 15:12:06,2022-08-02 15:40:46,0,185.108.254.85,100,1720,1,2022-08-02 15:40:47,R_3qOuuhc7AN4QOWt,,,,,55.053,14.9259,anonymous,EN,3,,5,5,5,4,4,2,4,1,5,7,,5,5,4,5,4,2,4,1,3,39,2,7,,,702.4 5 M;704.46 3 51;,,698.64 5 M;704.46 3 51;
2022-07-27 03:11:03,2022-07-27 03:16:02,0,160.67.75.23,14,298,0,2022-08-03 03:16:03,R_1LeBXZa4sLa98UA,,,,,,,anonymous,EN,5,,,,,,,,,,,,,,,,,,,,,,,,,,26.82 3 M;39.17 5 M;55.2 5 M;75.61 5 M;88.41 1 M;106.04 1 M;138.56 2 M;,,,
2022-07-25 07:47:44,2022-07-27 05:52:29,0,91.161.249.76,2,165885,0,2022-08-03 05:52:38,R_2P5JTIp4lFzSQ9O,,,,,,,anonymous,EN,,,,,,,,,,,,,,,,,,,,,,,,,,,,,,
2022-07-27 14:15:19,2022-07-27 14:49:18,0,189.45.177.130,93,2039,0,2022-08-03 14:49:20,R_1dtQqgK1r7EOUs1,,,,,,,anonymous,EN,,2,,5,5,5,5,2,4,2,2,4,1,,3,3,2,2,4,1,1,3,27,1,5,,14.38 5 M;101.29 4 M;129.12 5 M;184.12 4 M;204.48 3 M;246.73 4 M;248.91 3 M;273.72 2 M;302.01 1 M;314.47 4 M;327.22 2 M;340.98 3 M;348.1 1 M;363.51 4 M;383.95 5 M;400.21 4 M;484.66 3 M;501.53 2 M;533.18 1 M;540.21 3 M;547.7 2 M;555.76 1 M;569.31 3 M;576.36 5 M;591.06 4 M;601.94 2 M;613.22 4 M;619.19 2 M;625.92 1 M;632.35 3 M;637.75 4 M;651.49 5 M;659.94 3 M;670.34 1 M;680 4 M;685.08 2 M;700.82 2 50;,,12.19 5 M;60.64 4 M;69.03 3 M;75.87 5 M;97.42 3 M;110.01 2 M;132.92 3 M;172.28 2 M;178.48 3 M;189.04 4 M;196.8 2 M;207.01 3 M;219.7 2 M;240.4 3 M;248.89 2 M;255.98 3 M;282.23 4 M;286.51 3 M;297.22 2 M;329.44 1 M;335.68 2 M;337.89 3 M;345.11 2 M;360.39 4 M;366.51 5 M;374.14 4 M;386.66 3 M;401.8 2 M;408.91 3 M;460.83 4 M;473.29 3 M;476.86 2 M;484.49 3 M;498.16 2 M;513.73 3 M;520.05 2 M;548.44 1 M;556.45 2 M;574.86 5 M;590 4 M;612.03 3 M;618.33 2 M;640.82 3 M;653.23 4 M;659.76 2 M;669.9 1 M;679.92 3 M;683.32 2 M;687.5 1 M;698.66 2 50;,
2022-07-27 15:42:28,2022-07-27 16:10:34,0,24.192.6.183,93,1685,0,2022-08-03 16:10:35,R_eroOPB2V82pYyt3,,,,,,,anonymous,EN,5,3,,3,4,3,5,1,5,4,1,1,,4,3,4,3,4,1,4,3,3,24,2,4,,13.53 5 M;29.36 4 M;53.07 3 M;363.13 4 M;366.51 5 M;374.61 4 M;465.48 3 M;576.38 5 M;577.39 4 M;592.34 3 M;699.53 2 50;699.53 4 52;,,,10.29 5 M;25.81 4 M;178.34 2 M;180.21 4 M;359.45 3 M;581.84 4 M;703.57 2 50;703.57 4 52;
2022-07-27 23:33:59,2022-07-27 23:36:11,0,217.251.35.26,2,131,0,2022-08-03 23:36:22,R_3oHGbKDbiF4oEoh,,,,,,,anonymous,EN,,,,,,,,,,,,,,,,,,,,,,,,,,,,,,
2022-07-29 07:30:44,2022-07-29 07:49:05,0,79.41.146.219,49,1100,0,2022-08-05 07:49:12,R_SDBDuj3m9WM0qgV,,,,,,,anonymous,EN,,,3,4,4,4,4,4,4,2,5,5,,,,,,,,,,,,,,,,22.65 5 M;36.49 3 M;129.5 2 M;190.03 1 M;244.75 2 M;264.6 3 M;299.26 4 M;339.22 2 M;369.46 5 M;529.39 4 M;577.47 5 M;654.54 4 M;688.25 3 M;,,17 5 M;
2022-07-25 10:02:01,2022-07-29 11:02:00,0,37.77.178.162,26,349198,0,2022-08-05 11:02:03,R_OANsV6OhUS4oAUx,,,,,,,anonymous,EN,5,,2,,,,,,,,,,,,,,,,,,,,,,,,,538.59 2 M;,,
2022-08-06 19:39:22,2022-08-06 20:31:02,0,50.93.251.240,100,3099,1,2022-08-06 20:31:03,R_1DNdtdBxXcQoJto,,,,,44.9702,-93.3047,anonymous,EN,,3,,4,5,5,5,1,4,3,2,7,5,,5,5,5,5,1,5,3,3,32,1,7,,16.8 4 M;39.75 5 M;72.06 4 M;89.87 5 M;137.15 4 M;186.09 5 M;229.64 4 M;359.64 3 M;366.44 4 M;409.31 3 M;449.4 4 M;518.73 3 M;583.18 4 M;639.35 3 M;700.24 3 51;700.24 2 50;,,36.99 4 M;93.84 5 M;349.99 4 M;360.22 3 M;363.49 4 M;684.1 5 M;696.3 3 51;696.3 2 50;,
2022-07-31 02:11:34,2022-07-31 02:13:08,0,103.7.29.6,2,94,0,2022-08-07 02:13:08,R_01I2dicLWZEiqjL,,,,,,,anonymous,EN,,,,,,,,,,,,,,,,,,,,,,,,,,,,,,
2022-08-07 02:08:41,2022-08-07 02:13:37,0,87.58.207.152,100,296,1,2022-08-07 02:13:38,R_2f41EnXVPlNIZg7,,,,,55.4044,11.3353,anonymous,EN,5,,4,5,3,4,5,4,5,5,6,4,,,5,4,3,4,5,5,5,2,66,1,2,,,0 4 M;,,
2022-08-07 02:58:03,2022-08-07 03:11:36,0,84.220.130.97,100,813,1,2022-08-07 03:11:37,R_3fVkCCTRiREjqIB,,,,,41.8904,12.5126,anonymous,EN,3,,4,4,5,5,5,3,4,2,5,6,,,4,5,4,4,3,4,2,,24,2,7,,,148.71 4 M;693.67 2 50;693.67 4 52;,,30.77 2 50;30.77 4 52;
2022-08-07 06:28:27,2022-08-07 07:49:26,0,81.109.141.51,100,4859,1,2022-08-07 07:49:27,R_2YKV8ip3RPrqhvB,,,,,51.233,-0.6013,anonymous,EN,5,,4,4,5,4,4,2,3,1,3,5,5,,5,5,5,4,2,4,3,3,62,1,5,,,21.21 4 M;63.25 5 M;89.35 3 M;105.93 2 M;130.08 4 M;161.09 2 M;174.98 3 M;199.3 4 M;248.51 3 M;264.26 4 M;297.92 3 M;331.03 2 M;343.11 3 M;383.74 4 M;424.19 4 M;444.86 3 M;497.36 4 M;612.97 5 M;644.64 3 M;683.36 4 M;704.46 2 50;,35.66 4 M;67.13 5 M;86.77 4 M;101.95 3 M;130.31 4 M;191.36 3 M;262.03 4 M;295.23 3 M;327.76 4 M;366.13 5 M;700.82 2 50;,
2022-08-07 10:05:40,2022-08-07 10:37:41,0,68.132.41.243,100,1920,1,2022-08-07 10:37:42,R_3P5n3bLw3RS2MsP,,,,,40.8108,-73.3667,anonymous,EN,,,2,4,4,2,1,1,1,1,4,6,,2,3,4,3,1,1,1,1,3,61,2,4,It would have been appreciated to have received an explanation of what was occurring in the video after the questions were completed.,,13.74 5 M;130.77 4 M;170.32 1 M;180.42 4 M;329.82 3 M;369.97 2 M;399.77 4 M;618.68 2 M;704.46 1 49;,,35.62 3 M;382.94 4 M;468.08 3 M;625.75 2 M;655.29 3 M;686.98 2 M;704.04 1 49;
2022-08-07 10:51:27,2022-08-07 11:00:35,0,2.67.176.5,100,547,1,2022-08-07 11:00:35,R_2wbhmJDsq3cEQrN,,,,,59.3203,14.5298,anonymous,EN,1,,1,1,1,1,1,5,1,1,6,7,5,,5,5,5,1,5,5,1,,82,1,7,Live is always best,,0 1 M;,0 5 M;0 2 50;,
2022-08-07 11:23:46,2022-08-07 11:52:01,0,31.51.189.92,100,1695,1,2022-08-07 11:52:02,R_31oVEiYuB1P7DFS,,,,,55.867,-4.2621,anonymous,EN,,1,,2,1,1,2,5,1,1,1,4,,1,3,2,1,1,5,1,1,3,,2,3,,14.22 4 M;65.68 3 M;116.29 1 M;157.65 2 M;180.24 1 M;370.26 3 M;448.33 1 M;556.32 4 M;608.99 1 M;,,,25.05 4 M;46.47 2 M;74.2 1 M;191.8 4 M;210.61 1 M;235.37 4 M;257.69 1 M;366.16 2 M;443.68 3 M;515.86 2 M;550.24 1 M;
2022-08-07 11:43:09,2022-08-07 12:21:22,0,24.68.0.252,100,2293,1,2022-08-07 12:21:22,R_qDd9I7nFxnUhTjP,,,,,48.4777,-123.3658,anonymous,EN,3,5,,5,5,5,1,4,2,1,7,7,,5,5,4,4,4,4,2,1,3,46,1,7,"I have a remark about the second question in the 1st experiment in which we are asked which audio segment was preferred. It was interesting to me that I preferred the second audio which contained a few ""mistakes"" and ""untogetherness"". This audio sounded more human to me and moved me yet as a musician I try to strive for the perfectness of the first audio example of the Haydn. ",57.24 3 M;231.53 4 M;489.17 5 M;700.4 4 52;700.4 1 49;700.4 1 37;700.4 1 37;700.4 1 37;700.4 1 37;700.4 1 37;700.4 1 37;700.4 1 37;700.4 1 37;700.4 1 37;700.4 1 37;700.4 1 37;700.4 1 37;700.4 1 37;700.4 1 37;700.4 1 37;700.4 1 37;700.4 1 37;700.4 1 37;700.4 1 37;700.4 1 37;700.4 1 37;700.4 1 37;700.4 1 37;700.4 1 37;700.4 1 37;700.4 1 37;700.4 1 37;700.4 1 37;700.4 1 37;700.4 1 37;700.4 1 37;700.4 1 37;700.4 1 37;700.4 1 37;700.4 1 37;700.4 1 37;700.4 1 37;700.4 1 37;700.4 1 37;700.4 1 37;700.4 1 37;700.4 1 37;700.4 1 37;700.4 1 37;700.4 1 37;700.4 1 37;700.4 1 37;700.4 1 37;700.4 1 37;700.4 1 37;700.4 1 37;700.4 1 37;700.4 1 37;700.4 1 37;700.4 1 37;700.4 1 37;700.4 1 37;700.4 1 37;700.4 1 37;700.4 1 37;700.4 1 37;700.4 1 37;700.4 1 37;700.4 1 37;700.4 1 37;700.4 1 37;700.4 1 37;700.4 1 37;700.4 1 37;700.4 1 37;700.4 1 37;700.4 1 37;700.4 1 37;700.4 1 37;700.4 1 37;700.4 1 37;700.4 1 37;700.4 1 37;700.4 1 37;700.4 1 37;700.4 1 37;700.4 1 37;700.4 1 37;700.4 1 37;700.4 1 37;700.4 1 37;700.4 1 37;700.4 1 37;700.4 1 37;700.4 1 37;700.4 1 37;700.4 1 37;700.4 1 37;700.4 1 37;700.4 1 37;700.4 1 37;700.4 1 37;700.4 1 37;700.4 1 37;700.4 1 37;700.4 1 37;700.4 1 37;700.4 1 37;700.4 1 37;700.4 1 37;700.4 1 37;700.4 1 37;700.4 1 37;700.4 1 37;700.4 1 37;700.4 1 37;700.4 1 37;700.4 1 37;700.4 1 37;700.4 1 37;700.4 1 37;700.4 1 37;700.4 1 37;700.4 1 37;700.4 1 37;700.4 1 37;700.4 1 37;700.4 1 37;700.4 1 37;700.4 1 37;700.4 1 37;700.4 1 37;700.4 1 37;700.4 1 37;700.4 1 37;700.4 1 37;700.4 1 37;700.4 1 37;700.4 1 37;700.4 1 37;700.4 1 37;700.4 1 37;700.4 1 37;700.4 1 37;700.4 1 37;700.4 1 37;700.4 1 37;700.4 1 37;700.4 1 37;700.4 1 37;700.4 1 37;700.4 1 37;700.4 1 37;700.4 1 37;700.4 1 37;700.4 1 37;700.4 1 37;700.4 1 37;700.4 1 37;700.4 1 37;700.4 1 37;700.4 1 37;700.4 1 37;700.4 1 37;700.4 1 37;700.4 1 37;700.4 1 37;700.4 1 37;700.4 1 37;700.4 1 37;700.4 1 37;700.4 1 37;700.4 1 37;700.4 1 37;700.4 1 37;700.4 1 37;700.4 1 37;700.4 1 37;700.4 1 37;700.4 1 37;700.4 1 37;700.4 1 37;700.4 1 37;700.4 1 37;700.4 1 37;700.4 1 37;700.4 1 37;700.4 1 37;700.4 1 37;700.4 1 37;700.4 1 37;700.4 1 37;700.4 1 37;700.4 1 37;700.4 1 37;700.4 1 37;700.4 1 37;700.4 1 37;700.4 1 37;700.4 1 37;700.4 1 37;700.4 1 37;700.4 1 37;700.4 1 37;700.4 1 37;700.4 1 37;700.4 1 37;700.4 1 37;700.4 1 37;700.4 1 37;700.4 1 37;700.4 1 37;700.4 1 37;700.4 1 37;700.4 1 37;700.4 1 37;700.4 1 37;700.4 1 37;700.4 1 37;700.4 1 37;700.4 1 37;700.4 1 37;700.4 1 37;700.4 1 37;700.4 1 37;700.4 1 37;700.4 1 37;700.4 1 37;700.4 1 37;700.4 1 37;700.4 1 37;700.4 1 37;700.4 1 37;700.4 1 37;700.4 1 37;700.4 1 37;700.4 1 37;700.4 1 37;700.4 1 37;700.4 1 37;700.4 1 37;700.4 1 37;700.4 1 37;700.4 1 37;700.4 1 37;700.4 1 37;700.4 1 37;700.4 1 37;700.4 1 37;700.4 1 37;700.4 1 37;700.4 1 37;700.4 1 37;700.4 1 37;700.4 1 37;700.4 1 37;700.4 1 37;700.4 1 37;700.4 1 37;700.4 1 37;700.4 1 37;700.4 1 37;700.4 1 37;700.4 1 37;700.4 1 37;700.4 1 37;700.4 1 37;700.4 1 37;700.4 1 37;700.4 1 37;700.4 1 37;700.4 1 37;700.4 1 37;700.4 1 37;700.4 1 37;700.4 1 37;700.4 1 37;700.4 1 37;700.4 1 37;700.4 1 37;700.4 1 37;700.4 1 37;700.4 1 37;700.4 1 37;700.4 1 37;700.4 1 37;700.4 1 37;700.4 1 37;700.4 1 37;700.4 1 37;700.4 1 37;700.4 1 37;700.4 1 37;700.4 1 37;700.4 1 37;700.4 2 39;700.4 3 39;700.4 4 39;700.4 5 39;700.4 5 39;700.4 5 39;700.4 5 39;700.4 5 39;700.4 5 39;700.4 5 39;700.4 5 39;700.4 5 39;700.4 5 39;700.4 5 39;700.4 5 39;700.4 5 39;700.4 5 39;700.4 5 39;700.4 5 39;700.4 5 39;700.4 5 39;700.4 5 39;700.4 5 39;700.4 5 39;700.4 5 39;700.4 5 39;700.4 5 39;700.4 5 39;700.4 5 39;700.4 5 39;700.4 5 39;700.4 5 39;700.4 5 39;700.4 5 39;700.4 5 39;700.4 5 39;700.4 5 39;700.4 5 39;700.4 5 39;700.4 5 39;700.4 5 39;700.4 5 39;700.4 5 39;700.4 5 39;700.4 5 39;700.4 5 39;700.4 5 39;700.4 5 39;700.4 5 39;700.4 5 39;700.4 5 39;700.4 5 39;700.4 5 39;700.4 5 39;700.4 5 39;700.4 5 39;700.4 5 39;700.4 5 39;700.4 5 39;700.4 5 39;700.4 5 39;700.4 5 39;700.4 5 39;700.4 5 39;700.4 5 39;700.4 5 39;700.4 5 39;700.4 5 39;700.4 5 39;700.4 5 39;700.4 5 39;700.4 5 39;700.4 5 39;700.4 5 39;700.4 5 39;700.4 5 39;700.4 5 39;700.4 5 39;700.4 5 39;700.4 5 39;700.4 5 39;700.4 5 39;700.4 5 39;700.4 5 39;700.4 5 39;700.4 5 39;700.4 5 39;700.4 5 39;700.4 5 39;700.4 5 39;700.4 5 39;700.4 5 39;700.4 5 39;700.4 5 39;700.4 5 39;700.4 5 39;700.4 5 39;700.4 5 39;700.4 5 39;700.4 5 39;700.4 5 39;700.4 5 39;700.4 5 39;700.4 5 39;700.4 5 39;700.4 5 39;700.4 5 39;700.4 5 39;700.4 5 39;700.4 5 39;700.4 5 39;700.4 5 39;700.4 5 39;700.4 5 39;700.4 5 39;700.4 5 39;700.4 5 39;700.4 5 39;700.4 5 39;700.4 5 39;700.4 5 39;700.4 5 39;700.4 5 39;700.4 5 39;700.4 5 39;700.4 5 39;700.4 5 39;700.4 5 39;700.4 5 39;700.4 5 39;700.4 5 39;700.4 5 39;700.4 5 39;700.4 5 39;700.4 5 39;700.4 5 39;700.4 5 39;700.4 5 39;700.4 5 39;700.4 5 39;700.4 5 39;700.4 5 39;700.4 5 39;700.4 5 39;700.4 5 39;700.4 5 39;700.4 5 39;700.4 5 39;700.4 5 39;700.4 5 39;700.4 5 39;700.4 5 39;700.4 5 39;700.4 5 39;700.4 5 39;700.4 5 39;700.4 5 39;700.4 5 39;700.4 5 39;700.4 5 39;700.4 5 39;700.4 5 39;700.4 5 39;700.4 5 39;700.4 5 39;700.4 5 39;700.4 5 39;700.4 5 39;700.4 5 39;700.4 5 39;700.4 5 39;700.4 5 39;700.4 5 39;700.4 5 39;700.4 5 39;700.4 5 39;700.4 5 39;700.4 5 39;700.4 5 39;700.4 5 39;700.4 5 39;700.4 5 39;700.4 5 39;700.4 5 39;700.4 5 39;700.4 5 39;700.4 5 39;700.4 5 39;700.4 5 39;700.4 5 39;700.4 5 39;700.4 5 39;700.4 5 39;700.4 5 39;700.4 5 39;700.4 5 39;700.4 5 39;700.4 5 39;700.4 5 39;700.4 5 39;700.4 5 39;700.4 5 39;700.4 5 39;700.4 5 39;700.4 5 39;700.4 5 39;700.4 5 39;700.4 5 39;700.4 5 39;700.4 5 39;700.4 5 39;700.4 5 39;700.4 5 39;700.4 5 39;700.4 5 39;700.4 5 39;700.4 5 39;700.4 5 39;700.4 5 39;700.4 5 39;700.4 5 39;700.4 5 39;700.4 5 39;700.4 5 39;700.4 5 39;700.4 5 39;700.4 5 39;700.4 5 39;700.4 5 39;700.4 5 39;700.4 5 39;700.4 5 39;700.4 5 39;700.4 5 39;700.4 5 39;700.4 5 39;700.4 5 39;700.4 5 39;700.4 5 39;700.4 5 39;700.4 5 39;700.4 5 39;700.4 5 39;700.4 5 39;700.4 5 39;700.4 5 39;700.4 5 39;700.4 5 39;700.4 5 39;700.4 5 39;700.4 5 39;700.4 5 39;700.4 5 39;700.4 5 39;700.4 5 39;700.4 5 39;700.4 5 39;700.4 5 39;700.4 5 39;700.4 5 39;700.4 5 39;700.4 5 39;700.4 5 39;700.4 5 39;700.4 5 39;700.4 5 39;700.4 5 39;700.4 5 39;700.4 5 39;700.4 5 39;700.4 5 39;700.4 5 39;700.4 5 39;700.4 5 39;700.4 5 39;700.4 5 39;700.4 5 39;700.4 5 39;700.4 5 39;700.4 5 39;700.4 5 39;700.4 5 39;700.4 5 39;700.4 5 39;700.4 5 39;700.4 5 39;700.4 5 39;700.4 5 39;700.4 5 39;700.4 5 39;700.4 5 39;700.4 5 39;700.4 5 39;700.4 5 39;700.4 5 39;700.4 5 39;700.4 5 39;700.4 5 39;700.4 5 39;700.4 5 39;700.4 5 39;700.4 5 39;700.4 5 39;700.4 5 39;700.4 5 39;700.4 5 39;700.4 5 39;700.4 5 39;700.4 5 39;700.4 5 39;700.4 5 39;700.4 5 39;700.4 5 39;700.4 5 39;700.4 5 39;700.4 5 39;700.4 5 39;700.4 5 39;700.4 5 39;700.4 5 39;700.4 5 39;700.4 5 39;700.4 5 39;700.4 5 39;700.4 5 39;700.4 5 39;700.4 5 39;700.4 5 39;700.4 5 39;700.4 5 39;700.4 5 39;700.4 5 39;700.4 5 39;700.4 5 39;700.4 5 39;700.4 5 39;700.4 5 39;700.4 5 39;700.4 5 39;700.4 5 39;700.4 5 39;700.4 5 39;700.4 5 39;700.4 5 39;700.4 5 39;700.4 5 39;700.4 5 39;700.4 5 39;700.4 5 39;700.4 5 39;700.4 5 39;700.4 5 39;700.4 5 39;700.4 5 39;700.4 5 39;700.4 5 39;700.4 5 39;700.4 5 39;700.4 5 39;700.4 5 39;700.4 5 39;700.4 5 39;700.4 5 39;700.4 5 39;700.4 5 39;700.4 5 39;700.4 5 39;700.4 5 39;700.4 5 39;700.4 5 39;700.4 5 39;700.4 5 39;700.4 5 39;700.4 5 39;700.4 5 39;700.4 5 39;700.4 5 39;700.4 5 39;700.4 5 39;700.4 5 39;,,,66.51 5 M;699.32 4 52;699.32 1 49;699.32 1 37;699.32 1 37;699.32 1 37;699.32 1 37;699.32 1 37;699.32 1 37;699.32 1 37;699.32 1 37;699.32 1 37;699.32 1 37;699.32 1 37;699.32 1 37;699.32 1 37;699.32 1 37;699.32 1 37;699.32 1 37;699.32 1 37;699.32 1 37;699.32 1 37;699.32 1 37;699.32 1 37;699.32 1 37;699.32 1 37;699.32 1 37;699.32 1 37;699.32 1 37;699.32 1 37;699.32 1 37;699.32 1 37;699.32 1 37;699.32 1 37;699.32 1 37;699.32 1 37;699.32 1 37;699.32 1 37;699.32 1 37;699.32 1 37;699.32 1 37;699.32 1 37;699.32 1 37;699.32 1 37;699.32 1 37;699.32 1 37;699.32 1 37;699.32 1 37;699.32 1 37;699.32 1 37;699.32 1 37;699.32 1 37;699.32 1 37;699.32 1 37;699.32 1 37;699.32 1 37;699.32 1 37;699.32 1 37;699.32 1 37;699.32 1 37;699.32 1 37;699.32 1 37;699.32 1 37;699.32 1 37;699.32 1 37;699.32 1 37;699.32 1 37;699.32 1 37;699.32 1 37;699.32 1 37;699.32 1 37;699.32 1 37;699.32 1 37;699.32 1 37;699.32 1 37;699.32 1 37;699.32 1 37;699.32 1 37;699.32 1 37;699.32 1 37;699.32 1 37;699.32 1 37;699.32 1 37;699.32 1 37;699.32 1 37;699.32 1 37;699.32 1 37;699.32 1 37;699.32 1 37;699.32 1 37;699.32 1 37;699.32 1 37;699.32 1 37;699.32 1 37;699.32 1 37;699.32 1 37;699.32 1 37;699.32 1 37;699.32 1 37;699.32 1 37;699.32 1 37;699.32 1 37;699.32 1 37;699.32 1 37;699.32 1 37;699.32 1 37;699.32 1 37;699.32 1 37;699.32 1 37;699.32 1 37;699.32 1 37;699.32 1 37;699.32 1 37;699.32 1 37;699.32 1 37;699.32 1 37;699.32 1 37;699.32 1 37;699.32 1 37;699.32 1 37;699.32 1 37;699.32 1 37;699.32 1 37;699.32 1 37;699.32 1 37;699.32 1 37;699.32 1 37;699.32 1 37;699.32 1 37;699.32 1 37;699.32 1 37;699.32 1 37;699.32 1 37;699.32 1 37;699.32 1 37;699.32 1 37;699.32 1 37;699.32 1 37;699.32 1 37;699.32 1 37;699.32 1 37;699.32 1 37;699.32 1 37;699.32 1 37;699.32 1 37;699.32 1 37;699.32 1 37;699.32 1 37;699.32 1 37;699.32 1 37;699.32 1 37;699.32 1 37;699.32 1 37;699.32 1 37;699.32 1 37;699.32 1 37;699.32 1 37;699.32 1 37;699.32 1 37;699.32 1 37;699.32 1 37;699.32 1 37;699.32 1 37;699.32 1 37;699.32 1 37;699.32 1 37;699.32 1 37;699.32 1 37;699.32 1 37;699.32 1 37;699.32 1 37;699.32 1 37;699.32 1 37;699.32 1 37;699.32 1 37;699.32 1 37;699.32 1 37;699.32 1 37;699.32 1 37;699.32 1 37;699.32 1 37;699.32 1 37;699.32 1 37;699.32 1 37;699.32 1 37;699.32 1 37;699.32 1 37;699.32 1 37;699.32 1 37;699.32 1 37;699.32 1 37;699.32 1 37;699.32 1 37;699.32 1 37;699.32 1 37;699.32 1 37;699.32 1 37;699.32 1 37;699.32 1 37;699.32 1 37;699.32 1 37;699.32 1 37;699.32 1 37;699.32 1 37;699.32 1 37;699.32 1 37;699.32 1 37;699.32 1 37;699.32 1 37;699.32 1 37;699.32 1 37;699.32 1 37;699.32 1 37;699.32 1 37;699.32 1 37;699.32 1 37;699.32 1 37;699.32 1 37;699.32 1 37;699.32 1 37;699.32 1 37;699.32 1 37;699.32 1 37;699.32 1 37;699.32 1 37;699.32 1 37;699.32 1 37;699.32 1 37;699.32 1 37;699.32 1 37;699.32 1 37;699.32 1 37;699.32 1 37;699.32 1 37;699.32 1 37;699.32 1 37;699.32 1 37;699.32 1 37;699.32 1 37;699.32 1 37;699.32 1 37;699.32 1 37;699.32 1 37;699.32 1 37;699.32 1 37;699.32 1 37;699.32 1 37;699.32 1 37;699.32 1 37;699.32 1 37;699.32 1 37;699.32 1 37;699.32 1 37;699.32 1 37;699.32 1 37;699.32 1 37;699.32 1 37;699.32 1 37;699.32 1 37;699.32 1 37;699.32 1 37;699.32 1 37;699.32 1 37;699.32 1 37;699.32 1 37;699.32 1 37;699.32 1 37;699.32 1 37;699.32 1 37;699.32 1 37;699.32 1 37;699.32 1 37;699.32 1 37;699.32 1 37;699.32 1 37;699.32 1 37;699.32 1 37;699.32 1 37;699.32 1 37;699.32 1 37;699.32 1 37;699.32 1 37;699.32 1 37;699.32 1 37;699.32 1 37;699.32 1 37;699.32 1 37;699.32 1 37;699.32 1 37;699.32 1 37;699.32 1 37;699.32 1 37;699.32 1 37;699.32 2 39;699.32 3 39;699.32 4 39;699.32 5 39;699.32 5 39;699.32 5 39;699.32 5 39;699.32 5 39;699.32 5 39;699.32 5 39;699.32 5 39;699.32 5 39;699.32 5 39;699.32 5 39;699.32 5 39;699.32 5 39;699.32 5 39;699.32 5 39;699.32 5 39;699.32 5 39;699.32 5 39;699.32 5 39;699.32 5 39;699.32 5 39;699.32 5 39;699.32 5 39;699.32 5 39;699.32 5 39;699.32 5 39;699.32 5 39;699.32 5 39;699.32 5 39;699.32 5 39;699.32 5 39;699.32 5 39;699.32 5 39;699.32 5 39;699.32 5 39;699.32 5 39;699.32 5 39;699.32 5 39;699.32 5 39;699.32 5 39;699.32 5 39;699.32 5 39;699.32 5 39;699.32 5 39;699.32 5 39;699.32 5 39;699.32 5 39;699.32 5 39;699.32 5 39;699.32 5 39;699.32 5 39;699.32 5 39;699.32 5 39;699.32 5 39;699.32 5 39;699.32 5 39;699.32 5 39;699.32 5 39;699.32 5 39;699.32 5 39;699.32 5 39;699.32 5 39;699.32 5 39;699.32 5 39;699.32 5 39;699.32 5 39;699.32 5 39;699.32 5 39;699.32 5 39;699.32 5 39;699.32 5 39;699.32 5 39;699.32 5 39;699.32 5 39;699.32 5 39;699.32 5 39;699.32 5 39;699.32 5 39;699.32 5 39;699.32 5 39;699.32 5 39;699.32 5 39;699.32 5 39;699.32 5 39;699.32 5 39;699.32 5 39;699.32 5 39;699.32 5 39;699.32 5 39;699.32 5 39;699.32 5 39;699.32 5 39;699.32 5 39;699.32 5 39;699.32 5 39;699.32 5 39;699.32 5 39;699.32 5 39;699.32 5 39;699.32 5 39;699.32 5 39;699.32 5 39;699.32 5 39;699.32 5 39;699.32 5 39;699.32 5 39;699.32 5 39;699.32 5 39;699.32 5 39;699.32 5 39;699.32 5 39;699.32 5 39;699.32 5 39;699.32 5 39;699.32 5 39;699.32 5 39;699.32 5 39;699.32 5 39;699.32 5 39;699.32 5 39;699.32 5 39;699.32 5 39;699.32 5 39;699.32 5 39;699.32 5 39;699.32 5 39;699.32 5 39;699.32 5 39;699.32 5 39;699.32 5 39;699.32 5 39;699.32 5 39;699.32 5 39;699.32 5 39;699.32 5 39;699.32 5 39;699.32 5 39;699.32 5 39;699.32 5 39;699.32 5 39;699.32 5 39;699.32 5 39;699.32 5 39;699.32 5 39;699.32 5 39;699.32 5 39;699.32 5 39;699.32 5 39;699.32 5 39;699.32 5 39;699.32 5 39;699.32 5 39;699.32 5 39;699.32 5 39;699.32 5 39;699.32 5 39;699.32 5 39;699.32 5 39;699.32 5 39;699.32 5 39;699.32 5 39;699.32 5 39;699.32 5 39;699.32 5 39;699.32 5 39;699.32 5 39;699.32 5 39;699.32 5 39;699.32 5 39;699.32 5 39;699.32 5 39;699.32 5 39;699.32 5 39;699.32 5 39;699.32 5 39;699.32 5 39;699.32 5 39;699.32 5 39;699.32 5 39;699.32 5 39;699.32 5 39;699.32 5 39;699.32 5 39;699.32 5 39;699.32 5 39;699.32 5 39;699.32 5 39;699.32 5 39;699.32 5 39;699.32 5 39;699.32 5 39;699.32 5 39;699.32 5 39;699.32 5 39;699.32 5 39;699.32 5 39;699.32 5 39;699.32 5 39;699.32 5 39;699.32 5 39;699.32 5 39;699.32 5 39;699.32 5 39;699.32 5 39;699.32 5 39;699.32 5 39;699.32 5 39;699.32 5 39;699.32 5 39;699.32 5 39;699.32 5 39;699.32 5 39;699.32 5 39;699.32 5 39;699.32 5 39;699.32 5 39;699.32 5 39;699.32 5 39;699.32 5 39;699.32 5 39;699.32 5 39;699.32 5 39;699.32 5 39;699.32 5 39;699.32 5 39;699.32 5 39;699.32 5 39;699.32 5 39;699.32 5 39;699.32 5 39;699.32 5 39;699.32 5 39;699.32 5 39;699.32 5 39;699.32 5 39;699.32 5 39;699.32 5 39;699.32 5 39;699.32 5 39;699.32 5 39;699.32 5 39;699.32 5 39;699.32 5 39;699.32 5 39;699.32 5 39;699.32 5 39;699.32 5 39;699.32 5 39;699.32 5 39;699.32 5 39;699.32 5 39;699.32 5 39;699.32 5 39;699.32 5 39;699.32 5 39;699.32 5 39;699.32 5 39;699.32 5 39;699.32 5 39;699.32 5 39;699.32 5 39;699.32 5 39;699.32 5 39;699.32 5 39;699.32 5 39;699.32 5 39;699.32 5 39;699.32 5 39;699.32 5 39;699.32 5 39;699.32 5 39;699.32 5 39;699.32 5 39;699.32 5 39;699.32 5 39;699.32 5 39;699.32 5 39;699.32 5 39;699.32 5 39;699.32 5 39;699.32 5 39;699.32 5 39;699.32 5 39;699.32 5 39;699.32 5 39;699.32 5 39;699.32 5 39;699.32 5 39;699.32 5 39;699.32 5 39;699.32 5 39;699.32 5 39;699.32 5 39;699.32 5 39;699.32 5 39;699.32 5 39;699.32 5 39;699.32 5 39;699.32 5 39;699.32 5 39;699.32 5 39;699.32 5 39;699.32 5 39;699.32 5 39;699.32 5 39;699.32 5 39;699.32 5 39;699.32 5 39;699.32 5 39;699.32 5 39;699.32 5 39;699.32 5 39;699.32 5 39;699.32 5 39;699.32 5 39;699.32 5 39;699.32 5 39;699.32 5 39;699.32 5 39;699.32 5 39;699.32 5 39;699.32 5 39;699.32 5 39;699.32 5 39;699.32 5 39;699.32 5 39;699.32 5 39;699.32 5 39;699.32 5 39;699.32 5 39;699.32 5 39;699.32 5 39;699.32 5 39;699.32 5 39;699.32 5 39;699.32 5 39;699.32 5 39;699.32 5 39;699.32 5 39;699.32 5 39;699.32 5 39;699.32 5 39;699.32 5 39;699.32 5 39;699.32 5 39;699.32 5 39;699.32 5 39;699.32 5 39;699.32 5 39;699.32 5 39;699.32 5 39;699.32 5 39;699.32 5 39;699.32 5 39;699.32 5 39;699.32 5 39;699.32 5 39;699.32 5 39;699.32 5 39;699.32 5 39;699.32 5 39;699.32 5 39;699.32 5 39;699.32 5 39;699.32 5 39;699.32 5 39;699.32 5 39;699.32 5 39;699.32 5 39;699.32 5 39;699.32 5 39;699.32 5 39;699.32 5 39;699.32 5 39;699.32 5 39;699.32 5 39;699.32 5 39;
2022-08-07 14:00:35,2022-08-07 14:33:55,0,77.33.39.58,100,1999,1,2022-08-07 14:33:55,R_3iUd7qju1pT7OHS,,,,,55.7139,11.7115,anonymous,EN,1,5,,5,4,4,3,1,3,2,6,6,,4,4,4,4,3,1,3,1,3,58,2,4,,9.64 5 M;102.89 4 M;116.08 5 M;139.65 4 M;183.02 3 M;280.38 4 M;305.47 3 M;369.9 4 M;386.07 5 M;410.38 4 M;520.36 3 M;595.29 5 M;700.82 5 101;,,,50.26 5 M;110.96 4 M;169.19 3 M;179.65 1 M;196.55 3 M;198.84 4 M;212.17 5 M;225.21 3 M;288.24 4 M;371.41 5 M;415.26 4 M;421.5 5 M;473.48 4 M;701.61 5 101;
2022-08-07 13:47:01,2022-08-07 18:21:43,0,157.131.93.200,100,16481,1,2022-08-07 18:21:43,R_3IQBgPBjWATmDjb,,,,,37.8906,-122.2936,anonymous,EN,3,,3,3,4,4,5,4,3,2,1,6,,1,5,4,5,5,3,4,1,3,35,1,4,,,9.27 4 M;12.88 5 M;31.22 4 M;49.74 5 M;84.81 4 M;100.16 3 M;109.91 4 M;129.31 3 M;132.11 4 M;143.51 3 M;145.95 4 M;163.75 3 M;171.66 1 M;181.69 4 M;247.96 3 M;264.31 4 M;296.56 3 M;304.15 2 M;310.05 4 M;330.59 3 M;335.92 4 M;345.17 5 M;350.66 3 M;363.06 2 M;366.7 3 M;373.28 4 M;387.09 3 M;399.61 5 M;407.17 4 M;415.27 5 M;423.19 4 M;430.02 3 M;437.06 4 M;439.65 5 M;444.02 4 M;454.73 3 M;457.24 2 M;460.72 3 M;468.8 4 M;475.81 3 M;547.06 2 M;555.71 1 M;559.23 2 M;567.27 3 M;589.1 4 M;591.61 3 M;597.76 4 M;614.07 3 M;622.39 4 M;626.05 3 M;641.44 4 M;660.6 3 M;702.24 3 51;702.24 5 53;,,8.63 4 M;27.34 5 M;84.24 4 M;87.29 5 M;143.59 4 M;155.61 5 M;173.01 1 M;181.39 5 M;249.06 3 M;257.39 4 M;259.72 5 M;280.16 1 M;283.23 5 M;296.88 4 M;300.39 5 M;304.46 4 M;338.81 5 M;361.18 2 M;362.99 3 M;372.81 4 M;389.92 5 M;483.03 4 M;487.45 5 M;527.95 4 M;529.27 5 M;552.96 4 M;556.17 5 M;568.03 4 M;575.54 5 M;599.49 4 M;602.01 5 M;616.82 4 M;626.25 3 M;633.91 4 M;653.93 5 M;661.66 4 M;667.36 3 M;683.66 2 M;688.04 1 M;701.9 3 51;701.9 5 53;
2022-08-01 02:49:37,2022-08-01 02:51:21,0,157.193.240.3,14,104,0,2022-08-08 02:51:26,R_3hiSp9qUUPoiiNX,,,,,,,anonymous,EN,2,,,,,,,,,,,,,,,,,,,,,,,,,,,,,
2022-08-08 05:36:22,2022-08-08 06:05:42,0,77.103.170.108,100,1760,1,2022-08-08 06:05:42,R_3szTX71oz4nWJAF,,,,,51.7219,0.4811,anonymous,EN,1,4,,4,4,3,1,5,1,1,4,7,,5,5,5,4,2,5,1,1,3,60,1,5,The second video was much clearer - the first one I found quite irritating after the first minute or so as there was too much extraneous detail. Overall I felt it turned the experience of listening to the piece into a more mathematical exercise although I can appreciate that some people would find it interesting to see the information provided by the video (at least the second one),29.75 5 M;56.92 4 M;110.23 3 M;158.38 3 M;372.38 5 M;406.88 4 M;586.99 5 M;609.49 4 M;,,,16.73 5 M;
2022-08-08 06:22:52,2022-08-08 06:52:02,0,176.20.19.124,100,1749,1,2022-08-08 06:52:02,R_1OxmWGiyNJ0tD8g,,,,,55.7327,12.3656,anonymous,EN,,,1,4,3,1,3,4,2,1,4,7,,1,3,2,1,1,4,2,1,3,37,1,6,,,9.74 1 M;15.83 2 M;18.55 3 M;24.81 4 M;43.89 5 M;75.72 2 M;89.88 3 M;107.14 2 M;115.09 1 M;129.02 3 M;130.92 4 M;132.96 5 M;140.64 2 M;147.51 1 M;183.1 3 M;188.98 4 M;194.86 5 M;203.36 2 M;207.11 3 M;218.41 1 M;229.78 4 M;240.18 3 M;243.23 4 M;255.32 3 M;259.59 4 M;266.76 5 M;276.85 1 M;289.92 3 M;303.06 1 M;315 2 M;320.66 3 M;323.48 4 M;328.42 1 M;336.23 3 M;346.51 2 M;352.22 1 M;361.24 3 M;380.85 4 M;384.87 3 M;388.19 4 M;389.51 3 M;409.08 2 M;421.5 3 M;454.46 2 M;458.03 1 M;460.21 3 M;466.8 2 M;483.76 3 M;492.91 4 M;506.67 3 M;518.92 2 M;528.2 1 M;545.16 2 M;547.67 1 M;550.13 2 M;554.1 1 M;557.07 2 M;571.04 1 M;578.07 3 M;582.52 5 M;594.12 2 M;597.76 5 M;611.09 3 M;617.92 2 M;627.08 1 M;636.99 2 M;640.84 3 M;655.27 1 M;681.76 4 M;688.22 1 M;704.46 3 51;,,10.46 3 M;17.81 4 M;32.73 5 M;78.84 3 M;85.02 2 M;90.2 1 M;95.06 2 M;102.77 3 M;104.88 4 M;108.52 5 M;122.32 3 M;124.33 2 M;128.87 3 M;130.22 4 M;132.33 5 M;138.21 3 M;139.81 3 M;140.86 2 M;151.47 3 M;155.52 1 M;163.46 3 M;173.19 2 M;178.37 1 M;182.48 3 M;184.48 4 M;186.38 5 M;197.07 2 M;201.46 4 M;203.44 5 M;209.5 4 M;220.12 3 M;230.98 4 M;233.82 5 M;250.97 2 M;253.81 1 M;256.32 3 M;260.12 4 M;264.22 5 M;281.54 2 M;293.68 4 M;295.1 3 M;304.42 2 M;314.59 3 M;320.51 4 M;322.09 5 M;326.59 4 M;329.1 3 M;334.91 4 M;336.75 5 M;344.05 3 M;348.06 2 M;362.5 1 M;365.07 2 M;366.45 3 M;370.8 4 M;376.19 2 M;379.17 4 M;384.19 3 M;389.62 4 M;399.62 5 M;406.67 4 M;409.97 3 M;412.28 4 M;415.76 3 M;421.45 4 M;428.61 5 M;438.95 3 M;453.32 2 M;459.33 1 M;462.52 2 M;468.49 1 M;469.95 2 M;482.55 3 M;499.57 4 M;512.64 5 M;519.97 4 M;524.72 3 M;529.09 2 M;535.6 3 M;540.07 2 M;547.89 1 M;549.52 2 M;555.21 3 M;566.36 1 M;577.17 5 M;590.26 3 M;598.6 5 M;607.34 4 M;616.63 2 M;623.06 3 M;641.46 4 M;642.8 3 M;653.46 2 M;658.78 1 M;678.87 5 M;681.77 3 M;685.77 2 M;692.22 1 M;703.21 3 51;
2022-08-06 21:11:00,2022-08-08 08:18:15,0,199.200.57.242,100,126434,1,2022-08-08 08:18:15,R_2Pcel0QfbcJdMIM,,,,,37.1614,-94.3133,anonymous,EN,,,3,4,5,4,4,2,3,3,2,3,,,4,5,4,5,1,4,4,3,29,1,4,Thank you for letting me take part of your study!,,175.96 3 M;699.25 2 98;699.25 1 49;,,697.56 2 98;697.56 1 49;
2022-08-08 17:02:13,2022-08-08 17:39:17,0,50.230.28.194,100,2224,1,2022-08-08 17:39:17,R_1rvu4VirpwIL2Uw,,,,,47.3798,-122.2893,anonymous,EN,,,5,5,5,5,4,1,2,1,4,5,4,,4,4,4,4,1,2,1,3,33,2,6,,,13.7 5 M;563.79 4 M;603.26 5 M;703.31 3 99;703.31 3 99;,201.78 5 M;207.16 4 M;700.82 3 99;700.82 3 99;,
2022-08-09 09:25:05,2022-08-09 10:52:51,0,187.189.150.255,100,5266,1,2022-08-09 10:52:51,R_1FE466DEkYrpi3s,,,,,25.5851,-100.2854,anonymous,EN,5,,5,5,5,5,5,4,4,3,5,7,,5,5,5,5,5,4,3,3,2,28,2,7,,,310.9 5 M;314.33 3 99;314.33 1 97;314.33 2 98;,,704.46 5 M;704.46 3 99;704.46 1 97;704.46 2 98;
2022-08-09 17:52:43,2022-08-09 18:35:30,0,187.169.67.119,100,2566,1,2022-08-09 18:35:30,R_2fj1ErsC3zVynk6,,,,,19.3573,-99.0925,anonymous,EN,4,3,,5,4,4,4,1,3,4,5,5,4,,5,4,4,3,2,3,3,3,"22 ",1,3,,8.64 2 M;23.95 3 M;32.29 4 M;40.63 4 M;62.97 4 M;69.23 4 M;90.77 4 M;102.41 3 M;150.92 3 M;167.27 3 M;204.62 4 M;207.06 3 M;258.63 4 M;262.93 4 M;290.78 4 M;291.63 4 M;359.44 3 M;435.96 4 M;437.03 4 M;528.83 4 M;558.48 3 M;559.43 3 M;576.99 4 M;609.4 3 M;665.49 3 M;666.11 3 M;681.93 3 M;693.92 3 M;700.82 2 50;700.82 2 50;,,32.57 4 M;37.46 4 M;50.46 4 M;69.34 4 M;89.74 4 M;126.84 4 M;146.99 4 M;148.83 4 M;149.18 4 M;154.21 4 M;189.76 4 M;212.98 4 M;235.68 4 M;247.69 4 M;285.56 4 M;286.21 4 M;327.67 4 M;343.88 4 M;383.24 4 M;409.98 4 M;413.55 4 M;433.75 4 M;446.15 4 M;499.85 4 M;502.34 4 M;539.71 4 M;562.34 4 M;619.91 4 M;660.68 4 M;700.82 2 50;700.82 2 50;,
2022-08-09 19:56:24,2022-08-09 19:58:36,0,187.169.67.119,100,131,1,2022-08-09 19:58:36,R_3oMYda6J7Rp8f87,,,,,19.3573,-99.0925,anonymous,EN,,,,,,,,,,,,,,,,,,,,,,,,,,,,,,
2022-08-03 08:02:15,2022-08-03 08:06:44,0,151.65.0.172,26,268,0,2022-08-10 08:06:46,R_8iSvpkylpaqfvGN,,,,,,,anonymous,EN,3,,4,,,,,,,,,,,,,,,,,,,,,,,,,78.82 4 M;,,
2022-08-10 10:53:50,2022-08-10 11:48:45,0,201.141.116.156,100,3295,1,2022-08-10 11:48:46,R_1KpeM1oenm0RvvU,,,,,19.4326,-99.1332,anonymous,EN,3,,5,4,5,3,3,2,3,2,3,5,,1,4,3,2,1,3,2,1,3,29,1,5,"Sometimes I was thinking about the strings of the instruments with the discs, too, but I associate them mainly with the instruments since the beggining. The background color confused me (were they something with the pitch? then I realized no and they became irrelevant for me). I think the speed of my clicks was not so good, on different times I was clicking ""no idea"" a moment after the changes ",,9.41 5 M;15.09 5 M;15.87 5 M;17.45 5 M;24.29 5 M;31.15 4 M;32.03 4 M;39.87 4 M;41.42 4 M;47.59 3 M;51.62 4 M;55.9 5 M;65.6 4 M;67.15 5 M;74.95 4 M;76.33 5 M;79.28 5 M;83.96 4 M;89.94 4 M;91.86 4 M;93.62 4 M;101 3 M;102.67 3 M;108.43 2 M;109.77 3 M;116.37 3 M;125.23 3 M;130.9 4 M;138.31 4 M;139.75 4 M;143.33 5 M;151.13 4 M;152.49 4 M;158.89 4 M;167.5 2 M;169.45 2 M;171.07 2 M;174.41 2 M;181.76 3 M;183.14 4 M;186.95 5 M;191.24 5 M;200.58 4 M;206.41 5 M;207.81 4 M;209.2 4 M;213.15 5 M;221.52 2 M;226.69 3 M;236.42 4 M;240.44 5 M;253.33 3 M;255.47 4 M;256.58 5 M;262.85 5 M;271.56 4 M;277.11 3 M;285.58 4 M;289.19 3 M;293.31 4 M;297.72 1 M;301.56 1 M;302.15 1 M;304.79 1 M;308.33 1 M;311.25 3 M;315.38 4 M;317.24 2 M;318.68 3 M;319.99 3 M;322.67 2 M;323.98 3 M;326.47 2 M;336.36 3 M;340.75 2 M;344.65 2 M;354.93 3 M;358.36 2 M;365.89 4 M;375.84 5 M;381.32 5 M;382.52 5 M;386.22 5 M;390.35 5 M;393.02 5 M;394.53 5 M;396.59 5 M;400.39 5 M;404.09 5 M;408.97 3 M;413.35 4 M;414.71 5 M;419.1 5 M;420.42 5 M;422.74 5 M;429.08 4 M;430.23 5 M;434.2 5 M;436.59 5 M;438.53 5 M;441 5 M;446.13 5 M;453.69 5 M;456.61 3 M;459.15 4 M;467.74 4 M;470.07 4 M;470.95 5 M;471.77 5 M;476.18 5 M;483.41 5 M;488.45 4 M;492.15 4 M;493.38 5 M;495.06 4 M;496.15 4 M;497.28 4 M;500.17 4 M;509.46 4 M;510.98 5 M;513.26 5 M;514.23 5 M;519.58 4 M;521.35 5 M;526.35 4 M;527.62 5 M;532.34 4 M;538.68 5 M;540.68 5 M;541.57 5 M;542.49 5 M;543.36 5 M;545.28 5 M;547.47 5 M;549.92 5 M;551.12 5 M;553.07 5 M;555.61 5 M;556.61 5 M;558.36 5 M;560.82 5 M;564.85 5 M;567.96 5 M;579.6 3 M;585.34 4 M;591.27 4 M;599.64 3 M;603.45 4 M;613.58 4 M;626.16 4 M;626.84 4 M;628.38 5 M;630.44 4 M;642.92 5 M;644.4 4 M;644.64 4 M;645.63 5 M;646.25 5 M;651.92 5 M;652.52 5 M;655.71 5 M;661.07 4 M;662.26 4 M;666.7 5 M;667.42 5 M;680.55 5 M;682.03 5 M;684.8 4 M;686.79 5 M;694.79 5 M;704.46 2 50;704.46 1 37;704.46 2 39;704.46 1 37;704.46 1 37;704.46 1 37;704.46 1 37;704.46 1 37;704.46 1 37;704.46 1 37;704.46 1 37;704.46 1 37;704.46 1 37;704.46 1 37;704.46 1 37;704.46 1 37;704.46 1 37;704.46 2 50;704.46 2 50;704.46 1 37;704.46 1 37;704.46 1 37;704.46 1 37;704.46 1 37;704.46 1 37;704.46 1 37;704.46 1 37;704.46 1 37;704.46 1 37;704.46 1 37;704.46 1 37;704.46 1 37;704.46 1 37;704.46 1 37;704.46 1 37;704.46 1 37;704.46 1 37;704.46 1 37;704.46 1 37;704.46 1 37;704.46 1 37;704.46 1 37;704.46 1 37;704.46 1 37;704.46 1 37;704.46 1 37;704.46 1 37;704.46 1 37;704.46 1 37;704.46 1 37;704.46 1 37;704.46 1 37;704.46 1 37;704.46 1 37;704.46 1 37;704.46 1 37;704.46 1 37;704.46 1 37;704.46 1 37;704.46 1 37;704.46 1 37;704.46 1 37;704.46 1 37;704.46 1 37;704.46 1 37;704.46 1 37;704.46 1 37;704.46 1 37;704.46 1 37;704.46 1 37;704.46 1 37;704.46 1 37;704.46 1 37;704.46 1 37;704.46 1 37;704.46 1 37;704.46 1 37;704.46 1 37;704.46 1 37;704.46 1 37;704.46 1 37;704.46 1 37;704.46 1 37;704.46 1 37;704.46 1 37;704.46 1 37;704.46 1 37;704.46 1 37;704.46 1 37;704.46 1 37;704.46 1 37;704.46 1 37;704.46 1 37;704.46 1 37;704.46 1 37;704.46 1 37;704.46 1 37;704.46 1 37;704.46 1 37;704.46 1 37;704.46 1 37;704.46 1 37;704.46 1 37;704.46 1 37;704.46 1 37;704.46 1 37;704.46 1 37;704.46 1 37;704.46 1 37;704.46 1 37;704.46 1 37;704.46 1 37;704.46 1 37;704.46 1 37;704.46 1 37;704.46 1 37;704.46 1 37;704.46 1 37;704.46 1 37;704.46 1 37;704.46 1 37;704.46 1 37;704.46 1 37;704.46 1 37;704.46 1 37;704.46 1 37;704.46 1 37;704.46 1 37;704.46 1 37;704.46 1 37;704.46 1 37;704.46 1 37;704.46 1 37;704.46 1 37;704.46 1 37;704.46 1 37;704.46 1 37;704.46 1 37;704.46 1 37;704.46 1 37;704.46 1 37;704.46 1 37;704.46 1 37;704.46 1 37;704.46 1 37;704.46 1 37;704.46 1 37;704.46 1 37;704.46 1 37;704.46 1 37;704.46 1 37;704.46 1 37;704.46 1 37;704.46 1 37;704.46 1 37;704.46 1 37;704.46 1 37;704.46 1 37;704.46 1 37;704.46 1 37;704.46 1 37;704.46 1 37;704.46 1 37;704.46 1 37;704.46 1 37;704.46 1 37;704.46 1 37;704.46 1 37;704.46 1 37;704.46 1 37;704.46 1 37;704.46 1 37;704.46 1 37;704.46 1 37;704.46 1 37;704.46 1 37;704.46 1 37;704.46 1 37;704.46 1 37;704.46 1 37;704.46 1 37;704.46 1 37;704.46 1 37;704.46 1 37;704.46 1 37;704.46 1 37;704.46 1 37;704.46 1 37;704.46 1 37;704.46 1 37;704.46 1 37;704.46 1 37;704.46 1 37;704.46 1 37;704.46 1 37;704.46 1 37;704.46 1 37;704.46 1 37;704.46 1 37;704.46 1 37;704.46 1 37;704.46 1 37;704.46 1 37;704.46 1 37;704.46 1 37;704.46 1 37;704.46 1 37;704.46 1 37;704.46 1 37;704.46 1 37;704.46 1 37;704.46 1 37;704.46 1 37;704.46 1 37;704.46 1 37;704.46 1 37;704.46 1 37;704.46 1 37;704.46 1 37;704.46 1 37;704.46 1 37;704.46 1 37;704.46 1 37;704.46 1 37;704.46 1 37;704.46 1 37;704.46 1 37;704.46 1 37;704.46 1 37;704.46 1 37;704.46 1 37;704.46 1 37;704.46 1 37;704.46 1 37;704.46 1 37;704.46 1 37;704.46 1 37;704.46 1 37;704.46 1 37;704.46 1 37;704.46 1 37;704.46 1 37;704.46 1 37;704.46 1 37;704.46 1 37;704.46 1 37;704.46 1 37;704.46 1 37;704.46 1 37;704.46 1 37;704.46 1 37;704.46 1 37;704.46 1 37;704.46 1 37;704.46 1 37;704.46 1 37;704.46 1 37;704.46 1 37;704.46 1 37;704.46 1 37;704.46 1 37;704.46 1 37;704.46 1 37;704.46 2 39;704.46 1 37;704.46 1 37;704.46 2 39;,,8.71 5 M;12.93 5 M;13.48 5 M;14.07 5 M;14.48 5 M;15.13 5 M;15.92 5 M;16.58 5 M;17.48 5 M;18.39 5 M;23.27 5 M;29.66 5 M;34.71 5 M;41.84 5 M;42.3 5 M;43.18 5 M;43.95 5 M;45.05 5 M;46.69 5 M;48.68 5 M;51.53 5 M;53.92 5 M;54.59 5 M;55.73 5 M;56.52 5 M;57.29 5 M;58.13 5 M;60.56 5 M;61.99 5 M;63.81 5 M;68.37 5 M;72.56 5 M;73.33 5 M;75.61 5 M;77.67 5 M;82.72 4 M;84.39 5 M;100.2 4 M;102.61 3 M;107.45 2 M;112.2 4 M;115.23 2 M;124.49 2 M;128.76 3 M;134.15 3 M;136.49 3 M;140.13 2 M;142.55 4 M;143.9 3 M;146.53 4 M;152.56 5 M;153.67 4 M;170.43 3 M;175.93 2 M;179.82 1 M;184.25 3 M;190.53 4 M;203.72 4 M;204.59 4 M;206.32 2 M;209.18 1 M;213.17 3 M;218.78 2 M;236.2 2 M;241.48 3 M;244.6 2 M;246.93 1 M;255.85 4 M;262.49 3 M;265.92 3 M;267.01 3 M;269.2 4 M;270.92 3 M;275.68 2 M;286.8 4 M;291.32 3 M;293.9 1 M;294.69 1 M;295.42 1 M;296.15 1 M;296.97 1 M;299.07 3 M;300.18 1 M;303.29 1 M;304.04 1 M;308.08 1 M;311.32 3 M;313.9 2 M;317.62 3 M;324.43 3 M;327.01 2 M;329.77 1 M;334.66 1 M;336.08 2 M;339.38 3 M;341.88 3 M;342.74 3 M;344.74 3 M;359.58 2 M;361.85 1 M;364.58 4 M;370.44 4 M;371.81 5 M;377.12 4 M;379.85 3 M;387.92 3 M;391.13 4 M;396.03 3 M;403.13 4 M;404.47 4 M;413.55 3 M;421.23 3 M;422.19 4 M;437.05 4 M;440.32 3 M;442.34 4 M;445.74 4 M;448.08 5 M;450.58 5 M;457.94 4 M;459.83 5 M;463.07 5 M;464.28 5 M;465.62 5 M;470.56 5 M;471.19 5 M;471.89 5 M;472.58 5 M;473.25 5 M;474 5 M;474.59 5 M;475.27 5 M;475.88 5 M;476.5 5 M;478.55 3 M;482.8 4 M;486.8 3 M;493.11 4 M;498.57 4 M;501.42 4 M;502.75 4 M;507.5 4 M;513.66 3 M;518.1 4 M;519.86 3 M;521.11 3 M;522.46 3 M;523.81 3 M;525.06 3 M;526.44 3 M;527.51 4 M;530.72 3 M;531.84 4 M;535.68 3 M;536.88 4 M;539.08 4 M;540 4 M;543.23 4 M;547.29 2 M;550.53 3 M;554.09 4 M;557.8 4 M;559.79 4 M;562.4 4 M;565.74 4 M;567.15 4 M;568.54 5 M;580.99 5 M;582.82 5 M;584.37 5 M;588.57 5 M;598.15 5 M;601.48 5 M;604.17 4 M;605.65 4 M;609.51 5 M;616.41 4 M;625.71 3 M;628.84 3 M;634.21 3 M;635.35 4 M;638.22 4 M;642.73 3 M;648.54 3 M;651.48 3 M;653.43 4 M;655.8 3 M;657.02 2 M;660.24 3 M;662.76 2 M;665.03 1 M;665.76 1 M;666.01 1 M;666.49 1 M;666.9 1 M;667.35 1 M;668 1 M;668.32 1 M;678.51 3 M;682.56 2 M;689.45 1 M;690.1 1 M;690.29 1 M;690.7 1 M;691.02 1 M;691.38 1 M;692.26 1 M;694.13 1 M;704.46 2 50;704.46 1 37;704.46 2 39;704.46 1 37;704.46 1 37;704.46 1 37;704.46 1 37;704.46 1 37;704.46 1 37;704.46 1 37;704.46 1 37;704.46 1 37;704.46 1 37;704.46 1 37;704.46 1 37;704.46 1 37;704.46 1 37;704.46 2 50;704.46 2 50;704.46 1 37;704.46 1 37;704.46 1 37;704.46 1 37;704.46 1 37;704.46 1 37;704.46 1 37;704.46 1 37;704.46 1 37;704.46 1 37;704.46 1 37;704.46 1 37;704.46 1 37;704.46 1 37;704.46 1 37;704.46 1 37;704.46 1 37;704.46 1 37;704.46 1 37;704.46 1 37;704.46 1 37;704.46 1 37;704.46 1 37;704.46 1 37;704.46 1 37;704.46 1 37;704.46 1 37;704.46 1 37;704.46 1 37;704.46 1 37;704.46 1 37;704.46 1 37;704.46 1 37;704.46 1 37;704.46 1 37;704.46 1 37;704.46 1 37;704.46 1 37;704.46 1 37;704.46 1 37;704.46 1 37;704.46 1 37;704.46 1 37;704.46 1 37;704.46 1 37;704.46 1 37;704.46 1 37;704.46 1 37;704.46 1 37;704.46 1 37;704.46 1 37;704.46 1 37;704.46 1 37;704.46 1 37;704.46 1 37;704.46 1 37;704.46 1 37;704.46 1 37;704.46 1 37;704.46 1 37;704.46 1 37;704.46 1 37;704.46 1 37;704.46 1 37;704.46 1 37;704.46 1 37;704.46 1 37;704.46 1 37;704.46 1 37;704.46 1 37;704.46 1 37;704.46 1 37;704.46 1 37;704.46 1 37;704.46 1 37;704.46 1 37;704.46 1 37;704.46 1 37;704.46 1 37;704.46 1 37;704.46 1 37;704.46 1 37;704.46 1 37;704.46 1 37;704.46 1 37;704.46 1 37;704.46 1 37;704.46 1 37;704.46 1 37;704.46 1 37;704.46 1 37;704.46 1 37;704.46 1 37;704.46 1 37;704.46 1 37;704.46 1 37;704.46 1 37;704.46 1 37;704.46 1 37;704.46 1 37;704.46 1 37;704.46 1 37;704.46 1 37;704.46 1 37;704.46 1 37;704.46 1 37;704.46 1 37;704.46 1 37;704.46 1 37;704.46 1 37;704.46 1 37;704.46 1 37;704.46 1 37;704.46 1 37;704.46 1 37;704.46 1 37;704.46 1 37;704.46 1 37;704.46 1 37;704.46 1 37;704.46 1 37;704.46 1 37;704.46 1 37;704.46 1 37;704.46 1 37;704.46 1 37;704.46 1 37;704.46 1 37;704.46 1 37;704.46 1 37;704.46 1 37;704.46 1 37;704.46 1 37;704.46 1 37;704.46 1 37;704.46 1 37;704.46 1 37;704.46 1 37;704.46 1 37;704.46 1 37;704.46 1 37;704.46 1 37;704.46 1 37;704.46 1 37;704.46 1 37;704.46 1 37;704.46 1 37;704.46 1 37;704.46 1 37;704.46 1 37;704.46 1 37;704.46 1 37;704.46 1 37;704.46 1 37;704.46 1 37;704.46 1 37;704.46 1 37;704.46 1 37;704.46 1 37;704.46 1 37;704.46 1 37;704.46 1 37;704.46 1 37;704.46 1 37;704.46 1 37;704.46 1 37;704.46 1 37;704.46 1 37;704.46 1 37;704.46 1 37;704.46 1 37;704.46 1 37;704.46 1 37;704.46 1 37;704.46 1 37;704.46 1 37;704.46 1 37;704.46 1 37;704.46 1 37;704.46 1 37;704.46 1 37;704.46 1 37;704.46 1 37;704.46 1 37;704.46 1 37;704.46 1 37;704.46 1 37;704.46 1 37;704.46 1 37;704.46 1 37;704.46 1 37;704.46 1 37;704.46 1 37;704.46 1 37;704.46 1 37;704.46 1 37;704.46 1 37;704.46 1 37;704.46 1 37;704.46 1 37;704.46 1 37;704.46 1 37;704.46 1 37;704.46 1 37;704.46 1 37;704.46 1 37;704.46 1 37;704.46 1 37;704.46 1 37;704.46 1 37;704.46 1 37;704.46 1 37;704.46 1 37;704.46 1 37;704.46 1 37;704.46 1 37;704.46 1 37;704.46 1 37;704.46 1 37;704.46 1 37;704.46 1 37;704.46 1 37;704.46 1 37;704.46 1 37;704.46 1 37;704.46 1 37;704.46 1 37;704.46 1 37;704.46 1 37;704.46 1 37;704.46 1 37;704.46 1 37;704.46 1 37;704.46 1 37;704.46 1 37;704.46 1 37;704.46 1 37;704.46 1 37;704.46 1 37;704.46 1 37;704.46 1 37;704.46 1 37;704.46 1 37;704.46 1 37;704.46 2 39;704.46 1 37;704.46 1 37;704.46 2 39;
2022-08-08 13:38:00,2022-08-11 05:14:30,0,85.191.189.127,100,228989,1,2022-08-11 05:14:30,R_1EY9HATI3ixjONO,,,,,57.0394,9.9135,anonymous,EN,,,2,5,4,5,2,4,2,1,1,3,,4,5,4,4,2,4,2,1,3,34,2,7,,,11.98 3 M;18.86 5 M;29.55 2 M;44.98 3 M;63.42 3 M;72.2 3 M;73.2 2 M;84.18 2 M;98.2 1 M;104.25 2 M;128.38 2 M;157.42 2 M;161.28 1 M;182.66 1 M;207.47 2 M;225.59 1 M;239.8 3 M;265.15 2 M;303.53 2 M;308.99 1 M;344.84 2 M;366.59 2 M;369.78 1 M;381.83 2 M;399.65 3 M;419.49 4 M;437.96 4 M;460.53 4 M;473.14 3 M;479.94 4 M;515 4 M;546.15 4 M;554.12 5 M;567.95 3 M;582.17 2 M;626.25 2 M;653.36 2 M;687.06 2 M;704.39 3 51;704.39 4 52;,,11.65 5 M;26.58 4 M;30.49 5 M;39.62 5 M;55.24 5 M;56.68 5 M;74.54 5 M;83.86 5 M;103.22 5 M;129.95 5 M;146.64 5 M;177.51 1 M;190.54 4 M;194.23 5 M;203.98 5 M;238.67 5 M;263.03 5 M;297.43 3 M;323.79 3 M;335.79 4 M;366.95 2 M;382.95 3 M;402.22 3 M;403.13 3 M;434.32 3 M;439.6 4 M;455.5 4 M;484.6 4 M;518.57 4 M;540.56 4 M;566.66 4 M;580.55 4 M;628.92 3 M;647.77 3 M;657.98 4 M;669.36 3 M;681.57 4 M;699.79 3 51;699.79 4 52;
2022-08-13 07:56:28,2022-08-13 10:12:31,0,217.46.76.122,100,8162,1,2022-08-13 10:12:31,R_1hMy3WiKLU9vuOT,,,,,51.9594,1.3553,anonymous,EN,3,,2,3,2,2,3,2,1,1,2,4,,2,2,2,2,2,2,1,1,2,73,2,3,not sure I really got what this was about,,26.44 3 M;469.62 2 M;704.46 3 51;,,15.53 3 M;373.5 2 M;701.89 3 51;
2022-08-13 10:13:40,2022-08-13 10:14:47,0,217.46.76.122,100,67,1,2022-08-13 10:14:48,R_scj8nWBcwo1Wigp,,,,,51.9594,1.3553,anonymous,EN,,,,,,,,,,,,,,,,,,,,,,,,,,,,,,
2022-08-07 02:12:01,2022-08-07 02:18:35,0,77.131.11.227,2,393,0,2022-08-14 02:18:37,R_3kHO8OKmZQ2RkMb,,,,,,,anonymous,EN,,,,,,,,,,,,,,,,,,,,,,,,,,,,,,
2022-08-07 02:43:08,2022-08-07 02:43:12,0,89.23.224.94,2,3,0,2022-08-14 02:43:14,R_1dmJKRpNnW7tNX0,,,,,,,anonymous,EN,,,,,,,,,,,,,,,,,,,,,,,,,,,,,,
2022-08-07 02:27:43,2022-08-07 02:57:34,0,84.220.130.97,2,1791,0,2022-08-14 02:57:37,R_7VWuWfBtmUMyodb,,,,,,,anonymous,EN,,,,,,,,,,,,,,,,,,,,,,,,,,,,,,
2022-08-07 03:28:38,2022-08-07 03:28:56,0,151.227.82.242,2,18,0,2022-08-14 03:29:03,R_2ZBtISJH9TBg1LK,,,,,,,anonymous,EN,,,,,,,,,,,,,,,,,,,,,,,,,,,,,,
2022-08-07 05:46:21,2022-08-07 05:47:01,0,83.226.13.38,50,39,0,2022-08-14 05:47:05,R_3PRnZhNT3FkoRKE,,,,,,,anonymous,EN,,,,,,,,,,,,,,,,,,,,,,,,,,,,,,
2022-08-07 07:00:44,2022-08-07 07:05:28,0,5.186.120.119,14,284,0,2022-08-14 07:05:29,R_2VQRu0wybTFqrUY,,,,,,,anonymous,EN,,,,,,,,,,,,,,,,,,,,,,,,,,,,32.07 3 M;40.65 4 M;,,
2022-08-07 08:54:33,2022-08-07 08:54:59,0,124.144.131.162,2,26,0,2022-08-14 08:55:00,R_1jB6PoqTWujyA2y,,,,,,,anonymous,EN,,,,,,,,,,,,,,,,,,,,,,,,,,,,,,
2022-08-08 10:40:15,2022-08-08 10:41:20,0,69.6.17.14,26,65,0,2022-08-15 10:41:22,R_2pY0tfc9L3JD5Hs,,,,,,,anonymous,EN,,,3,,,,,,,,,,,,,,,,,,,,,,,,,33.33 5 M;34.29 4 M;35.48 5 M;36.68 3 M;,,
2022-08-08 10:35:05,2022-08-08 10:43:24,0,69.6.17.14,14,499,0,2022-08-15 10:43:30,R_3nVsTQSZZXkvTpt,,,,,,,anonymous,EN,5,,,,,,,,,,,,,,,,,,,,,,,,,,,36.77 4 M;62.28 4 M;64.89 5 M;,,
2022-08-08 11:34:51,2022-08-08 11:36:13,0,77.172.48.54,2,82,0,2022-08-15 11:36:19,R_3g2cUqKX8FZGLT3,,,,,,,anonymous,EN,,,,,,,,,,,,,,,,,,,,,,,,,,,,,,
2022-08-08 12:21:11,2022-08-08 12:21:51,0,141.166.138.253,2,40,0,2022-08-15 12:21:52,R_2X1D6VE8GLBqncp,,,,,,,anonymous,EN,,,,,,,,,,,,,,,,,,,,,,,,,,,,,,
2022-08-08 14:18:54,2022-08-08 14:19:37,0,70.181.238.96,2,42,0,2022-08-15 14:19:39,R_21zVXNSADoCoZ5t,,,,,,,anonymous,EN,,,,,,,,,,,,,,,,,,,,,,,,,,,,,,
2022-08-09 01:06:53,2022-08-09 01:11:30,0,93.103.106.39,50,277,0,2022-08-16 01:11:34,R_sbRlAmACz2TdOhj,,,,,,,anonymous,EN,,5,,5,5,,,,,,,,,,,,,,,,,,,,,,77.72 5 M;,,,
2022-08-09 19:58:40,2022-08-09 20:42:24,0,187.169.67.119,2,2623,0,2022-08-16 20:42:25,R_3kebaKDuVwNm2vy,,,,,,,anonymous,EN,,,,,,,,,,,,,,,,,,,,,,,,,,,,,,
2022-08-16 22:51:40,2022-08-17 10:55:22,0,177.242.137.82,100,43422,1,2022-08-17 10:55:23,R_3HjG91QAeCqDVi5,,,,,19.1737,-99.5706,anonymous,EN,5,3,,4,5,4,3,2,2,1,1,1,,3,3,2,4,3,2,2,1,3,28,2,4,"I would like that this experiment will be available in the future in smartphones too, because actually most of the users navigates in smartphones rather than computers or tablets",82.83 3 M;91.97 4 M;97.26 3 M;179.91 2 M;195.57 3 M;262.55 2 M;271.67 3 M;372.65 4 M;377.26 3 M;589.68 2 M;597.61 3 M;635.41 2 M;658.63 3 M;700.82 2 98;700.82 1 37;700.82 1 37;700.82 1 37;700.82 1 37;700.82 1 37;700.82 1 37;700.82 1 37;700.82 1 37;700.82 1 37;700.82 1 37;700.82 1 37;700.82 1 37;700.82 1 37;700.82 1 37;700.82 1 37;700.82 1 37;700.82 1 37;700.82 1 37;700.82 1 37;700.82 1 37;700.82 1 37;700.82 1 37;700.82 1 37;700.82 1 37;700.82 1 37;700.82 1 37;700.82 1 37;700.82 1 37;700.82 1 37;700.82 1 37;700.82 1 37;700.82 1 37;700.82 1 37;700.82 1 37;700.82 1 37;700.82 1 37;700.82 1 37;700.82 1 37;700.82 1 37;700.82 1 37;700.82 1 37;700.82 1 37;700.82 1 37;700.82 1 37;700.82 1 37;700.82 1 37;700.82 1 37;700.82 1 37;700.82 1 37;700.82 1 37;700.82 1 37;700.82 1 37;700.82 1 37;700.82 1 37;700.82 1 37;700.82 1 37;700.82 1 37;700.82 1 37;700.82 1 37;700.82 1 37;700.82 1 37;700.82 1 37;700.82 1 37;700.82 1 37;700.82 1 37;700.82 1 37;700.82 1 37;700.82 1 37;700.82 1 37;700.82 1 37;700.82 1 37;700.82 1 37;700.82 1 37;700.82 1 37;700.82 1 37;700.82 1 37;700.82 1 37;700.82 1 37;700.82 1 37;700.82 1 37;700.82 1 37;700.82 1 37;700.82 1 37;700.82 1 37;700.82 1 37;700.82 1 37;700.82 1 37;700.82 1 37;700.82 1 37;700.82 1 37;700.82 1 37;700.82 1 37;700.82 1 37;700.82 1 37;700.82 1 37;700.82 1 37;700.82 1 37;700.82 1 37;700.82 1 37;700.82 1 37;700.82 1 37;700.82 1 37;700.82 1 37;700.82 1 37;700.82 1 37;700.82 1 37;700.82 1 37;700.82 1 37;700.82 1 37;700.82 1 37;700.82 1 37;700.82 1 37;700.82 1 37;700.82 1 37;700.82 1 37;700.82 1 37;700.82 1 37;700.82 1 37;700.82 1 37;700.82 1 37;700.82 1 37;700.82 1 37;700.82 1 37;700.82 1 37;700.82 1 37;700.82 1 37;700.82 1 37;700.82 1 37;700.82 1 37;700.82 1 37;700.82 1 37;700.82 1 37;700.82 1 37;700.82 1 37;700.82 1 37;700.82 1 37;700.82 1 37;700.82 1 37;700.82 1 37;700.82 1 37;700.82 1 37;700.82 1 37;700.82 1 37;700.82 1 37;700.82 1 37;700.82 1 37;700.82 1 37;700.82 1 37;700.82 1 37;700.82 1 37;700.82 1 37;700.82 1 37;700.82 1 37;700.82 1 37;700.82 1 37;700.82 1 37;700.82 1 37;700.82 1 37;700.82 1 37;700.82 1 37;700.82 1 37;700.82 1 37;700.82 1 37;700.82 1 37;700.82 1 37;700.82 1 37;700.82 1 37;700.82 1 37;700.82 1 37;700.82 1 37;700.82 1 37;700.82 1 37;700.82 1 37;700.82 1 37;700.82 1 37;700.82 1 37;700.82 1 37;700.82 1 37;700.82 1 37;700.82 1 37;700.82 1 37;700.82 1 37;700.82 1 37;700.82 1 37;700.82 1 37;700.82 1 37;700.82 1 37;700.82 1 37;700.82 1 37;700.82 1 37;700.82 1 37;700.82 1 37;700.82 1 37;700.82 1 37;700.82 1 37;700.82 1 37;700.82 2 39;700.82 3 39;700.82 4 39;700.82 5 39;700.82 5 39;700.82 5 39;700.82 5 39;700.82 5 39;700.82 5 39;700.82 5 39;700.82 5 39;700.82 5 39;700.82 5 39;700.82 5 39;700.82 5 39;700.82 5 39;700.82 5 39;700.82 5 39;700.82 5 39;700.82 5 39;700.82 5 39;700.82 5 39;700.82 5 39;700.82 5 39;700.82 5 39;700.82 5 39;700.82 5 39;700.82 5 39;700.82 5 39;700.82 5 39;700.82 5 39;700.82 5 39;700.82 5 39;700.82 5 39;700.82 5 39;700.82 5 39;700.82 5 39;700.82 5 39;700.82 5 39;700.82 5 39;700.82 5 39;700.82 5 39;700.82 5 39;700.82 5 39;700.82 5 39;700.82 5 39;700.82 5 39;700.82 5 39;700.82 5 39;700.82 5 39;700.82 5 39;700.82 5 39;700.82 5 39;700.82 5 39;700.82 5 39;700.82 5 39;700.82 5 39;700.82 5 39;700.82 5 39;700.82 5 39;700.82 5 39;700.82 5 39;700.82 5 39;700.82 5 39;700.82 5 39;700.82 5 39;700.82 5 39;700.82 5 39;700.82 5 39;700.82 5 39;700.82 5 39;700.82 5 39;700.82 5 39;700.82 5 39;700.82 5 39;700.82 5 39;700.82 5 39;700.82 5 39;700.82 5 39;700.82 5 39;700.82 5 39;700.82 5 39;700.82 5 39;700.82 5 39;700.82 5 39;700.82 5 39;700.82 5 39;700.82 5 39;700.82 5 39;700.82 5 39;700.82 5 39;700.82 5 39;700.82 5 39;700.82 5 39;700.82 5 39;,,,34.87 3 M;73.91 2 M;76.57 3 M;165.83 1 M;171.57 2 M;186.08 3 M;228.74 2 M;230.89 3 M;542.06 2 M;544.07 3 M;547.54 2 M;597.42 3 M;620.39 2 M;625.16 3 M;673.82 2 M;677.43 3 M;704.46 2 98;704.46 1 37;704.46 1 37;704.46 1 37;704.46 1 37;704.46 1 37;704.46 1 37;704.46 1 37;704.46 1 37;704.46 1 37;704.46 1 37;704.46 1 37;704.46 1 37;704.46 1 37;704.46 1 37;704.46 1 37;704.46 1 37;704.46 1 37;704.46 1 37;704.46 1 37;704.46 1 37;704.46 1 37;704.46 1 37;704.46 1 37;704.46 1 37;704.46 1 37;704.46 1 37;704.46 1 37;704.46 1 37;704.46 1 37;704.46 1 37;704.46 1 37;704.46 1 37;704.46 1 37;704.46 1 37;704.46 1 37;704.46 1 37;704.46 1 37;704.46 1 37;704.46 1 37;704.46 1 37;704.46 1 37;704.46 1 37;704.46 1 37;704.46 1 37;704.46 1 37;704.46 1 37;704.46 1 37;704.46 1 37;704.46 1 37;704.46 1 37;704.46 1 37;704.46 1 37;704.46 1 37;704.46 1 37;704.46 1 37;704.46 1 37;704.46 1 37;704.46 1 37;704.46 1 37;704.46 1 37;704.46 1 37;704.46 1 37;704.46 1 37;704.46 1 37;704.46 1 37;704.46 1 37;704.46 1 37;704.46 1 37;704.46 1 37;704.46 1 37;704.46 1 37;704.46 1 37;704.46 1 37;704.46 1 37;704.46 1 37;704.46 1 37;704.46 1 37;704.46 1 37;704.46 1 37;704.46 1 37;704.46 1 37;704.46 1 37;704.46 1 37;704.46 1 37;704.46 1 37;704.46 1 37;704.46 1 37;704.46 1 37;704.46 1 37;704.46 1 37;704.46 1 37;704.46 1 37;704.46 1 37;704.46 1 37;704.46 1 37;704.46 1 37;704.46 1 37;704.46 1 37;704.46 1 37;704.46 1 37;704.46 1 37;704.46 1 37;704.46 1 37;704.46 1 37;704.46 1 37;704.46 1 37;704.46 1 37;704.46 1 37;704.46 1 37;704.46 1 37;704.46 1 37;704.46 1 37;704.46 1 37;704.46 1 37;704.46 1 37;704.46 1 37;704.46 1 37;704.46 1 37;704.46 1 37;704.46 1 37;704.46 1 37;704.46 1 37;704.46 1 37;704.46 1 37;704.46 1 37;704.46 1 37;704.46 1 37;704.46 1 37;704.46 1 37;704.46 1 37;704.46 1 37;704.46 1 37;704.46 1 37;704.46 1 37;704.46 1 37;704.46 1 37;704.46 1 37;704.46 1 37;704.46 1 37;704.46 1 37;704.46 1 37;704.46 1 37;704.46 1 37;704.46 1 37;704.46 1 37;704.46 1 37;704.46 1 37;704.46 1 37;704.46 1 37;704.46 1 37;704.46 1 37;704.46 1 37;704.46 1 37;704.46 1 37;704.46 1 37;704.46 1 37;704.46 1 37;704.46 1 37;704.46 1 37;704.46 1 37;704.46 1 37;704.46 1 37;704.46 1 37;704.46 1 37;704.46 1 37;704.46 1 37;704.46 1 37;704.46 1 37;704.46 1 37;704.46 1 37;704.46 1 37;704.46 1 37;704.46 1 37;704.46 1 37;704.46 1 37;704.46 1 37;704.46 1 37;704.46 1 37;704.46 1 37;704.46 1 37;704.46 1 37;704.46 1 37;704.46 1 37;704.46 1 37;704.46 1 37;704.46 1 37;704.46 1 37;704.46 1 37;704.46 1 37;704.46 1 37;704.46 1 37;704.46 1 37;704.46 1 37;704.46 1 37;704.46 1 37;704.46 1 37;704.46 2 39;704.46 3 39;704.46 4 39;704.46 5 39;704.46 5 39;704.46 5 39;704.46 5 39;704.46 5 39;704.46 5 39;704.46 5 39;704.46 5 39;704.46 5 39;704.46 5 39;704.46 5 39;704.46 5 39;704.46 5 39;704.46 5 39;704.46 5 39;704.46 5 39;704.46 5 39;704.46 5 39;704.46 5 39;704.46 5 39;704.46 5 39;704.46 5 39;704.46 5 39;704.46 5 39;704.46 5 39;704.46 5 39;704.46 5 39;704.46 5 39;704.46 5 39;704.46 5 39;704.46 5 39;704.46 5 39;704.46 5 39;704.46 5 39;704.46 5 39;704.46 5 39;704.46 5 39;704.46 5 39;704.46 5 39;704.46 5 39;704.46 5 39;704.46 5 39;704.46 5 39;704.46 5 39;704.46 5 39;704.46 5 39;704.46 5 39;704.46 5 39;704.46 5 39;704.46 5 39;704.46 5 39;704.46 5 39;704.46 5 39;704.46 5 39;704.46 5 39;704.46 5 39;704.46 5 39;704.46 5 39;704.46 5 39;704.46 5 39;704.46 5 39;704.46 5 39;704.46 5 39;704.46 5 39;704.46 5 39;704.46 5 39;704.46 5 39;704.46 5 39;704.46 5 39;704.46 5 39;704.46 5 39;704.46 5 39;704.46 5 39;704.46 5 39;704.46 5 39;704.46 5 39;704.46 5 39;704.46 5 39;704.46 5 39;704.46 5 39;704.46 5 39;704.46 5 39;704.46 5 39;704.46 5 39;704.46 5 39;704.46 5 39;704.46 5 39;704.46 5 39;704.46 5 39;704.46 5 39;704.46 5 39;704.46 5 39;
2022-08-17 14:19:55,2022-08-17 14:39:16,0,93.163.175.31,100,1161,1,2022-08-17 14:39:17,R_3HGN3x0ucWVM9gl,,,,,55.6588,12.0825,anonymous,EN,,,2,3,2,2,2,3,1,1,1,2,3,,3,1,2,1,4,2,1,3,,2,3,"Uncertain, what happened - did I do anythinh og any value",,20.14 2 M;32.27 3 M;44.2 2 M;61.07 3 M;77.42 2 M;84.95 1 M;102.02 2 M;,21.22 2 M;48.86 3 M;75.61 4 M;121.69 3 M;133.06 2 M;152.08 3 M;188.31 4 M;306.66 2 M;343.86 3 M;369.64 4 M;376.31 2 M;380.51 3 M;,
2022-08-12 04:59:28,2022-08-12 05:50:02,0,82.38.205.146,14,3033,0,2022-08-19 05:50:10,R_RaeTxOhyIBN3VhD,,,,,,,anonymous,EN,,,,,,,,,,,,,,,,,,,,,,,,,,,,,,
2022-08-10 06:51:45,2022-08-12 08:15:19,0,81.158.123.160,95,177813,0,2022-08-19 08:15:22,R_3FOplrn3x7tp95z,,,,,,,anonymous,EN,5,3,,,,,,,,,,,,,,,,,,,,,,,,,41.76 3 M;,,,
2022-08-15 02:04:14,2022-08-15 02:08:54,0,202.94.70.60,14,279,0,2022-08-22 02:08:55,R_2P4Md8sl9hemDM6,,,,,,,anonymous,EN,,,,,,,,,,,,,,,,,,,,,,,,,,,,,,
2022-08-22 07:24:53,2022-08-22 07:56:08,0,212.195.44.214,100,1875,1,2022-08-22 07:56:09,R_3L15CWb8Y0lufq1,,,,,46.1963,6.24,anonymous,EN,5,,1,4,5,4,4,3,4,2,5,5,,1,4,5,4,4,3,4,2,3,56,2,3,,,13.56 5 53;24.22 5 53;42.57 5 53;56.02 5 53;72.74 2 50;80.76 4 52;101.51 3 51;120.51 2 50;127.35 3 51;134.89 4 52;147.81 3 51;185.37 2 50;208.65 2 50;237.61 4 52;269.46 3 51;300.32 2 50;346.51 4 52;359.95 5 53;378.83 5 53;396.95 5 53;415.73 5 53;425.96 5 53;449.28 5 53;462.57 3 51;491.51 2 50;511.84 3 51;537.85 4 52;550.07 2 50;577.2 5 53;598.86 5 53;624.22 3 51;665.62 3 51;687.99 1 49;31.24 5 53;31.24 4 52;31.24 2 50;31.24 1 49;31.24 5 53;,,88.93 5 53;113.96 4 52;126.18 2 50;133.69 1 49;701.72 5 53;
2022-08-17 07:46:55,2022-08-17 07:55:28,0,152.37.88.129,95,512,0,2022-08-24 07:55:35,R_1kOlGSeUiey6qJZ,,,,,,,anonymous,EN,,,4,5,5,4,4,1,3,1,1,7,4,,5,5,4,,1,3,1,3,47,1,3,,,17.94 5 M;132.6 4 M;135.25 4 52;,115.58 4 M;118.19 4 52;,
2022-08-18 12:26:24,2022-08-18 12:26:49,0,178.247.92.62,2,24,0,2022-08-25 12:26:52,R_2zejfOH8hx0ZjLI,,,,,,,anonymous,EN,,,,,,,,,,,,,,,,,,,,,,,,,,,,,,
2022-08-20 03:53:13,2022-08-20 04:11:51,0,188.27.73.21,50,1118,0,2022-08-27 04:14:18,R_26fMfO3DlUyH5So,,,,,,,anonymous,EN,4,,4,5,5,3,5,2,3,1,2,7,,,,,,,,,,,,,,,,8.29 4 M;10.38 5 M;103.22 4 M;115.81 3 M;123.42 5 M;174.2 2 M;183.25 5 M;221.57 2 M;223.85 1 M;231.36 5 M;251.01 1 M;254.66 5 M;276.1 2 M;277.32 1 M;290.79 5 M;297.46 2 M;298.56 5 M;300.14 4 M;303.41 5 M;309.01 4 M;,,8.34 5 M;
2022-08-27 11:41:31,2022-08-28 10:55:21,0,94.173.108.124,100,83630,1,2022-08-28 10:55:22,R_3KE3huGl6JfVC3n,,,,,55.9552,-3.2,anonymous,EN,,,3,3,3,3,4,3,3,2,4,6,,3,3,3,3,3,3,2,2,3,47,1,3,,,20.17 3 M;77.93 4 52;,,36.02 3 M;556.39 4 52;
